,From,To,Probability
25344,0,256,6.7059020816767795e-99
25345,0,128,1.58105090289416e-38
25346,0,64,0.264355747494741
25347,0,32,0.367982440255305
25348,0,16,2.4595413853957702e-95
25349,0,8,1.10303890691674e-13
25350,0,4,4.01611314507769e-14
25351,0,2,7.79017190995146e-139
25352,0,1,0.367661812249803
25353,1,257,1.9100395125588302e-76
25354,1,129,3.0734301383602904e-76
25355,1,65,1.28950814678976e-23
25356,1,33,0.412212604912927
25357,1,17,1.67008763291767e-115
25358,1,9,0.587787395087073
25359,1,5,7.78258266309613e-49
25360,1,3,1.34552955077434e-162
25361,2,258,1.4760572420195001e-68
25362,2,130,1.4313876347622801e-68
25363,2,66,0.16491920064421
25364,2,34,0.106997114342881
25365,2,18,0.278161919381542
25366,2,10,0.219971679590379
25367,2,6,0.229950086040989
25368,2,3,1.69057244289426e-68
25369,3,259,8.912235504340601e-47
25370,3,131,7.2063167545717e-53
25371,3,67,0.171614071085644
25372,3,35,0.104050671164992
25373,3,19,0.308848952496153
25374,3,11,0.138862160251775
25375,3,7,0.276624145001436
25376,4,260,2.6961912050758097e-193
25377,4,132,6.50614417710138e-84
25378,4,68,2.07073194123073e-53
25379,4,36,1.0
25380,4,20,1.7181847640046798e-82
25381,4,12,1.64459916456656e-53
25382,4,6,4.4604089482961696e-126
25383,4,5,3.4504325281351603e-54
25384,5,261,1.00633015231112e-119
25385,5,133,2.16844021415814e-81
25386,5,69,0.616803575173127
25387,5,37,0.383196424826873
25388,5,21,5.6924320955585705e-68
25389,5,13,1.48585119303909e-32
25390,5,7,2.33427811394732e-115
25391,6,262,1.2893059172276002e-68
25392,6,134,1.2749393501573201e-68
25393,6,70,0.244330895407849
25394,6,38,0.1119603883995
25395,6,22,0.353255628136938
25396,6,14,0.290453088055713
25397,6,7,3.0488304040705403e-68
25398,7,263,6.536878284547631e-47
25399,7,135,4.9283821994885705e-53
25400,7,71,0.228115862168133
25401,7,39,0.13597816484011
25402,7,23,0.413115888672329
25403,7,15,0.222790084319428
25404,8,264,2.07724239414916e-86
25405,8,136,5.47647330691589e-55
25406,8,72,2.8893115808608e-26
25407,8,40,0.739248068739123
25408,8,24,6.45758083148302e-83
25409,8,12,5.98790875079988e-54
25410,8,10,1.55354193635815e-126
25411,8,9,0.260751931260877
25412,9,265,6.57678119988079e-45
25413,9,137,9.301176516541311e-45
25414,9,73,1.0
25415,9,41,2.35220785847382e-23
25416,9,25,1.05680369256924e-75
25417,9,13,6.35285029370662e-48
25418,9,11,3.7830082380596405e-110
25419,10,266,1.20443060234419e-68
25420,10,138,1.1751202423003001e-68
25421,10,74,0.22802082665993
25422,10,42,0.111745507285544
25423,10,26,0.356604977517644
25424,10,14,0.303628688536882
25425,10,11,1.08679119170364e-68
25426,11,267,1.8948081171430902e-31
25427,11,139,3.22305107823314e-35
25428,11,75,0.165137873977457
25429,11,43,0.205934331142363
25430,11,27,0.326919465485407
25431,11,15,0.302008329394773
25432,12,268,2.97548510873832e-141
25433,12,140,1.87350751263337e-31
25434,12,76,0.605707524095779
25435,12,44,0.394292475904221
25436,12,28,4.26956396256084e-30
25437,12,14,7.87753989505033e-74
25438,12,13,6.75501324825396e-38
25439,13,269,1.15237027250984e-66
25440,13,141,4.90053351272069e-39
25441,13,77,0.474478046053735
25442,13,45,0.525521953946265
25443,13,29,5.76541263208736e-29
25444,13,15,1.0332227853844e-63
25445,14,270,1.001744180397e-68
25446,14,142,9.97884513039251e-69
25447,14,78,0.332565965141206
25448,14,46,0.188416023185211
25449,14,30,0.479018011673583
25450,14,15,2.63230673797484e-68
25451,15,271,1.4579221532981702e-31
25452,15,143,2.39368598919962e-35
25453,15,79,0.257436221471936
25454,15,47,0.273567198195031
25455,15,31,0.468996580333032
25456,16,272,4.567822048042961e-112
25457,16,144,0.0091998445867035
25458,16,80,0.240979181838631
25459,16,48,0.179658283841332
25460,16,24,0.289605328212008
25461,16,20,0.280557361521326
25462,16,18,8.810297658136721e-45
25463,16,17,1.5585839975325998e-51
25464,17,273,5.462577893236649e-94
25465,17,145,1.39273361206801e-50
25466,17,81,0.234424340843016
25467,17,49,0.155470261040052
25468,17,25,0.213507540374816
25469,17,21,0.396597857742116
25470,17,19,2.05682985231793e-48
25471,18,274,1.1388013369791501e-68
25472,18,146,1.1120800189696e-68
25473,18,82,0.238544200156432
25474,18,50,0.187422667291083
25475,18,26,0.282004797886258
25476,18,22,0.292028334666227
25477,18,19,2.9842904552323102e-68
25478,19,275,6.54144721534436e-47
25479,19,147,5.19404340684896e-53
25480,19,83,0.240218653995675
25481,19,51,0.17184499160977
25482,19,27,0.224151985267916
25483,19,23,0.36378436912664
25484,20,276,3.2713521097242903e-112
25485,20,148,3.5292014783720204e-112
25486,20,84,0.368499269982719
25487,20,52,0.222829819123796
25488,20,28,0.408670910893486
25489,20,22,9.17051878114367e-45
25490,20,21,3.24546458311176e-51
25491,21,277,2.15991447862558e-94
25492,21,149,1.0707719766711599e-50
25493,21,85,0.354110200857387
25494,21,53,0.249302876845163
25495,21,29,0.39658692229745
25496,21,23,1.57113626902486e-48
25497,22,278,9.71815342349314e-69
25498,22,150,9.752860819162301e-69
25499,22,86,0.358208029272611
25500,22,54,0.247934804293325
25501,22,30,0.393857166434064
25502,22,23,5.22354942301467e-68
25503,23,279,5.107947370642451e-47
25504,23,151,3.8672340650445602e-53
25505,23,87,0.35662252987657
25506,23,55,0.260183871553887
25507,23,31,0.383193598569543
25508,24,280,2.80300492007391e-112
25509,24,152,0.0138569718194324
25510,24,88,0.349593055874272
25511,24,56,0.240646923150865
25512,24,28,0.395903049155431
25513,24,26,8.5790763096106e-45
25514,24,25,1.34981575021134e-51
25515,25,281,5.20837927589362e-66
25516,25,153,3.1989541482321996e-37
25517,25,89,0.245208702070869
25518,25,57,0.299930727827287
25519,25,29,0.454860570101844
25520,25,27,9.517768918369309e-36
25521,26,282,8.85546838854739e-69
25522,26,154,8.707963831225469e-69
25523,26,90,0.34402812105936
25524,26,58,0.248115511700787
25525,26,30,0.407856367239853
25526,26,27,2.68241681849468e-68
25527,27,283,1.4034396690748e-31
25528,27,155,2.36819556082614e-35
25529,27,91,0.272162228036892
25530,27,59,0.301709886951962
25531,27,31,0.426127885011146
25532,28,284,1.78630278673214e-112
25533,28,156,1.9741566946613601e-112
25534,28,92,0.566831049257415
25535,28,60,0.433168950742585
25536,28,30,8.83810040204449e-45
25537,28,29,3.8228585077126803e-51
25538,29,285,1.8647082304829e-66
25539,29,157,2.30122680395284e-37
25540,29,93,0.495991147878958
25541,29,61,0.504008852121042
25542,29,31,6.9179630124003e-36
25543,30,286,7.1442803735647e-69
25544,30,158,7.273188586927269e-69
25545,30,94,0.554913677627418
25546,30,62,0.445086322372582
25547,30,31,6.0984549668101904e-68
25548,31,287,1.04508938761628e-31
25549,31,159,1.69792147453835e-35
25550,31,95,0.503514648569441
25551,31,63,0.496485351430559
25552,32,288,2.73209521598918e-77
25553,32,160,9.476311714656491e-24
25554,32,96,7.39164681808666e-06
25555,32,48,2.11055991484739e-74
25556,32,40,0.558987594916103
25557,32,36,0.2927711152264
25558,32,34,2.92107417327216e-111
25559,32,33,0.148233898210679
25560,33,289,5.23485307826678e-44
25561,33,161,6.9204519739546e-44
25562,33,97,1.0
25563,33,49,1.19819226889318e-74
25564,33,41,1.43908288708086e-22
25565,33,37,1.5095899153564001e-21
25566,33,35,9.08676485652283e-109
25567,34,290,1.42552458990584e-54
25568,34,162,1.3026147545287601e-54
25569,34,98,0.192459260359443
25570,34,50,0.390456536562781
25571,34,42,0.204661460246317
25572,34,38,0.21242274283146
25573,34,35,1.68559514799915e-54
25574,35,291,4.3393318130409e-31
25575,35,163,7.417498797868971e-35
25576,35,99,0.152888150585284
25577,35,51,0.333362747315279
25578,35,43,0.246693203197596
25579,35,39,0.267055898901841
25580,36,292,1.95352597138445e-74
25581,36,164,5.2078816708662304e-20
25582,36,100,0.487183355414189
25583,36,52,4.1605816315884203e-19
25584,36,44,0.367972473905598
25585,36,38,2.2750652680047097e-43
25586,36,37,0.144844170680214
25587,37,293,6.436291613479219e-77
25588,37,165,7.56024321416956e-55
25589,37,101,1.0
25590,37,53,1.4863607470845e-46
25591,37,45,3.5752032895767704e-23
25592,37,39,2.28706988353219e-74
25593,38,294,1.44180206162117e-32
25594,38,166,1.40549626150428e-32
25595,38,102,0.29307036562634
25596,38,54,0.40368670187042
25597,38,46,0.30324293250324
25598,38,39,2.46083859538463e-32
25599,39,295,1.99984504817599e-24
25600,39,167,2.05417507467004e-27
25601,39,103,0.189971375408396
25602,39,55,0.458868658511395
25603,39,47,0.351159966080209
25604,40,296,5.157203162012681e-44
25605,40,168,7.59142001108769e-22
25606,40,104,1.0
25607,40,56,7.15634242404859e-42
25608,40,44,3.9303097649895205e-21
25609,40,42,1.19670265560505e-70
25610,40,41,1.36507468192591e-22
25611,41,297,1.5056267960795e-22
25612,41,169,2.1559254494122897e-22
25613,41,105,1.0
25614,41,57,2.35720800800558e-53
25615,41,45,1.52272833427878e-25
25616,41,43,1.14979752074115e-87
25617,42,298,9.17027666500579e-40
25618,42,170,8.64560773253785e-40
25619,42,106,0.232776740765344
25620,42,58,0.440105514350024
25621,42,46,0.327117744884632
25622,42,43,1.60776796294324e-39
25623,43,299,3.95735553225194e-31
25624,43,171,6.81735258474701e-35
25625,43,107,0.184616576189857
25626,43,59,0.444247221995321
25627,43,47,0.371136201814822
25628,44,300,3.29154503640667e-75
25629,44,172,5.04994981568405e-20
25630,44,108,1.0
25631,44,60,4.17755360849036e-19
25632,44,46,1.07225692858931e-43
25633,44,45,1.26525527687125e-23
25634,45,301,4.0708101017206595e-55
25635,45,173,1.00210445685522e-32
25636,45,109,1.0
25637,45,61,2.05186416464436e-24
25638,45,47,1.5876913416057e-52
25639,46,302,7.28101081794683e-33
25640,46,174,7.01828804384043e-33
25641,46,110,0.369441961673016
25642,46,62,0.630558038326984
25643,46,47,2.08422350284129e-32
25644,47,303,1.66176421462786e-24
25645,47,175,1.58212223306753e-27
25646,47,111,0.295597126798768
25647,47,63,0.704402873201232
25648,48,304,1.20974253464026e-91
25649,48,176,0.0182101236165402
25650,48,112,0.325268854615162
25651,48,56,0.343390960476312
25652,48,52,0.313130061291986
25653,48,50,4.17160639305157e-38
25654,48,49,8.16095781826724e-44
25655,49,305,2.5845923352567998e-65
25656,49,177,6.41815037978599e-37
25657,49,113,0.224945627363702
25658,49,57,0.368169399618442
25659,49,53,0.406884973017855
25660,49,51,2.0935242841362402e-35
25661,50,306,6.361685235683479e-55
25662,50,178,5.8437298833391194e-55
25663,50,114,0.316922701999052
25664,50,58,0.336212468420454
25665,50,54,0.346864829580494
25666,50,51,1.93425013367127e-54
25667,51,307,3.26217707292288e-31
25668,51,179,5.537212444259411e-35
25669,51,115,0.25645037353194
25670,51,59,0.354640720184565
25671,51,55,0.388908906283495
25672,52,308,4.70998723156039e-57
25673,52,180,5.23514400630057e-57
25674,52,116,0.494534248893369
25675,52,60,0.505465751106631
25676,52,54,1.6172965532098602e-25
25677,52,53,5.94606843095064e-29
25678,53,309,2.2895082622511502e-52
25679,53,181,2.7291974470047797e-30
25680,53,117,0.378183599037856
25681,53,61,0.621816400962144
25682,53,55,5.899910169212709e-29
25683,54,310,5.8326532366555796e-33
25684,54,182,5.69964789806362e-33
25685,54,118,0.49308524812601
25686,54,62,0.50691475187399
25687,54,55,2.0488226261308002e-32
25688,55,311,1.45677976143518e-24
25689,55,183,1.47165793457019e-27
25690,55,119,0.414955544395643
25691,55,63,0.585044455604357
25692,56,312,7.36842520630705e-69
25693,56,184,0.0449942612815992
25694,56,120,0.456120067316029
25695,56,60,0.498885671402371
25696,56,58,4.88167106285194e-30
25697,56,57,3.7501078325301298e-34
25698,57,313,1.49043755715505e-65
25699,57,185,5.3763059789554505e-37
25700,57,121,0.352074461350216
25701,57,61,0.647925538649784
25702,57,59,1.81906928042856e-35
25703,58,314,3.2584417658354097e-40
25704,58,186,3.026360980427e-40
25705,58,122,0.457523228272525
25706,58,62,0.542476771727475
25707,58,59,1.30704192432449e-39
25708,59,315,3.1024487487251604e-31
25709,59,187,5.36467731396036e-35
25710,59,123,0.389133042441739
25711,59,63,0.610866957558261
25712,60,316,1.09529884959552e-57
25713,60,188,1.39733210843517e-57
25714,60,124,1.0
25715,60,62,1.2782372956013901e-25
25716,60,61,5.79207813130627e-29
25717,61,317,9.3127283339183e-53
25718,61,189,2.0855357228322797e-30
25719,61,125,1.0
25720,61,63,4.55459230740408e-29
25721,62,318,2.67107382085954e-33
25722,62,190,2.6362323631937598e-33
25723,62,126,1.0
25724,62,63,1.98563486956666e-32
25725,63,319,1.26070473232368e-24
25726,63,191,1.21841943240287e-27
25727,63,127,1.0
25728,64,320,4.94672023071527e-69
25729,64,192,5.20462930271752e-18
25730,64,96,1.0
25731,64,80,2.80939195737591e-66
25732,64,72,2.40121259637092e-18
25733,64,68,5.0393422795656e-42
25734,64,66,6.45986862899818e-101
25735,64,65,2.3375676804302e-18
25736,65,321,5.1034478851774406e-52
25737,65,193,7.74030288038709e-52
25738,65,97,0.147817966780509
25739,65,81,3.67761210815648e-89
25740,65,73,0.852182033219491
25741,65,69,2.54428330165911e-25
25742,65,67,5.0861877499757404e-133
25743,66,322,2.4419159651636097e-50
25744,66,194,2.3230436600295598e-50
25745,66,98,0.135090030934606
25746,66,82,0.324707762312349
25747,66,74,0.257444564028184
25748,66,70,0.282757642724861
25749,66,67,3.47419948343216e-50
25750,67,323,1.98601794148935e-42
25751,67,195,5.3786309063444005e-48
25752,67,99,0.0921774018948536
25753,67,83,0.417430058236539
25754,67,75,0.136617369564724
25755,67,71,0.353775170303883
25756,68,324,1.42880896567219e-109
25757,68,196,1.0217101408334699e-26
25758,68,100,0.437753761405756
25759,68,84,1.7650203703368202e-25
25760,68,76,0.43230786365731
25761,68,70,2.3443605738399902e-60
25762,68,69,0.129938374936934
25763,69,325,3.08699088889908e-113
25764,69,197,1.5458217505904198e-77
25765,69,101,1.0
25766,69,85,6.15821800379174e-65
25767,69,77,3.2352756204000203e-31
25768,69,71,4.35486456486836e-109
25769,70,326,1.2990163195351e-50
25770,70,198,1.25508882816439e-50
25771,70,102,0.202967372878235
25772,70,86,0.445921358400157
25773,70,78,0.351111268721608
25774,70,71,3.347314585391e-50
25775,71,327,1.5754396717695498e-42
25776,71,199,4.03080744652649e-48
25777,71,103,0.115057982963514
25778,71,87,0.611886204966499
25779,71,79,0.273055812069987
25780,72,328,4.3096550108154105e-52
25781,72,200,9.33721916237704e-26
25782,72,104,0.147716095682
25783,72,88,3.1668346201937997e-49
25784,72,76,7.99446365342031e-25
25785,72,74,3.73014870595173e-84
25786,72,73,0.852283904318
25787,73,329,2.5412882870092997e-19
25788,73,201,3.31774135807134e-19
25789,73,105,1.0
25790,73,89,7.40172344566134e-45
25791,73,77,7.59306487040917e-22
25792,73,75,4.03369217726703e-72
25793,74,330,1.18465444100439e-50
25794,74,202,1.11900816905095e-50
25795,74,106,0.150820431566143
25796,74,90,0.461036533320994
25797,74,78,0.388143035112863
25798,74,75,1.20935746217969e-50
25799,75,331,6.71354762148071e-24
25800,75,203,1.1601619015697899e-26
25801,75,107,0.22418160178348
25802,75,91,0.409065100750065
25803,75,79,0.366753297466455
25804,76,332,3.1041631747773804e-110
25805,76,204,1.33308722020193e-26
25806,76,108,1.0
25807,76,92,2.1220463421756903e-25
25808,76,78,1.47239530019442e-60
25809,76,77,9.03729065706473e-32
25810,77,333,4.6884869095075503e-54
25811,77,205,3.21573500748949e-32
25812,77,109,1.0
25813,77,93,4.09929090411834e-24
25814,77,79,9.41188898523311e-52
25815,78,334,6.68842380372991e-51
25816,78,206,6.44947465292244e-51
25817,78,110,0.284824186207833
25818,78,94,0.715175813792167
25819,78,79,2.0475534078183e-50
25820,79,335,5.29288387836562e-24
25821,79,207,8.68750378490868e-27
25822,79,111,0.321976458135713
25823,79,95,0.678023541864287
25824,80,336,3.60154228325123e-85
25825,80,208,0.0172466214221721
25826,80,112,0.249656571390625
25827,80,88,0.364874972805606
25828,80,84,0.368221834381597
25829,80,82,5.84468726110834e-36
25830,80,81,3.7107757917885e-41
25831,81,337,2.16921433128222e-86
25832,81,209,3.80358123480548e-47
25833,81,113,0.17451498538558
25834,81,89,0.263291885177798
25835,81,85,0.562193129436622
25836,81,83,5.2487321411527204e-45
25837,82,338,1.2002095176881999e-50
25838,82,210,1.1318330027576e-50
25839,82,114,0.254971683966255
25840,82,90,0.360017691426239
25841,82,86,0.385010624607506
25842,82,83,3.6394075113590996e-50
25843,83,339,1.49408028414072e-42
25844,83,211,3.97262780282046e-48
25845,83,115,0.205202470404944
25846,83,91,0.283615943082954
25847,83,87,0.511181586512102
25848,84,340,1.24575273144076e-85
25849,84,212,1.38638188150273e-85
25850,84,116,0.432658370926593
25851,84,92,0.567341629073407
25852,84,86,5.30838032919181e-36
25853,84,85,4.95901526241825e-41
25854,85,341,8.89957401150888e-87
25855,85,213,3.3287960030163603e-47
25856,85,117,0.339615271083616
25857,85,93,0.660384728916385
25858,85,87,4.10495212172314e-45
25859,86,342,6.84550172958592e-51
25860,86,214,6.68125920851677e-51
25861,86,118,0.441591351282784
25862,86,94,0.558408648717216
25863,86,87,4.25433066134966e-50
25864,87,343,1.24267719173531e-42
25865,87,215,3.2382993196981397e-48
25866,87,119,0.373346219817159
25867,87,95,0.626653780182841
25868,88,344,9.77560915127781e-86
25869,88,216,0.0288079256892258
25870,88,120,0.400250090206121
25871,88,92,0.570941984104654
25872,88,90,4.9077846476474494e-36
25873,88,89,2.05972586124432e-41
25874,89,345,2.71858311109424e-51
25875,89,217,1.13612575823197e-29
25876,89,121,0.3802091555197
25877,89,93,0.6197908444803
25878,89,91,1.76085321000253e-28
25879,90,346,5.96263152608022e-51
25880,90,218,5.590143852016831e-51
25881,90,122,0.401284442627341
25882,90,94,0.598715557372659
25883,90,91,2.26721800825264e-50
25884,91,347,4.9518392278448005e-24
25885,91,219,8.41557134829639e-27
25886,91,123,0.406509504924422
25887,91,95,0.593490495075578
25888,92,348,3.40536144660996e-86
25889,92,220,4.24813405198025e-86
25890,92,124,1.0
25891,92,94,4.69565279505158e-36
25892,92,93,5.20269480136263e-41
25893,93,349,7.63984854295643e-52
25894,93,221,7.7911555360782e-30
25895,93,125,1.0
25896,93,95,1.17536219081892e-28
25897,94,350,3.31201845414908e-51
25898,94,222,3.28311632066318e-51
25899,94,126,1.0
25900,94,95,4.27854852794522e-50
25901,95,351,3.54151632136164e-24
25902,95,223,5.72785472252444e-27
25903,95,127,1.0
25904,96,352,1.50880509831918e-45
25905,96,224,0.845979281177993
25906,96,112,2.66524400999945e-43
25907,96,104,0.0753772073448518
25908,96,100,2.94165043592666e-22
25909,96,98,2.41795637394984e-72
25910,96,97,0.0786435114771552
25911,97,353,2.35596988378274e-20
25912,97,225,2.67176205557054e-20
25913,97,113,3.83687597246584e-46
25914,97,105,0.119782676349471
25915,97,101,0.880217323650529
25916,97,99,1.30122739232603e-73
25917,98,354,2.4120742937434898e-40
25918,98,226,1.75364389998964e-40
25919,98,114,0.436313674685986
25920,98,106,0.238903719274524
25921,98,102,0.32478260603949
25922,98,99,2.8715668103757e-40
25923,99,355,4.25410478110612e-24
25924,99,227,5.72260669853582e-27
25925,99,115,0.436441605767757
25926,99,107,0.273623907300895
25927,99,103,0.289934486931348
25928,100,356,2.22556972759384e-75
25929,100,228,2.6957062660104002e-20
25930,100,116,3.0486356610859504e-19
25931,100,108,0.728598528013592
25932,100,102,7.87095095900889e-44
25933,100,101,0.271401471986408
25934,101,357,1.8269353233857702e-45
25935,101,229,1.6238902792715e-27
25936,101,117,1.1252952969189401e-20
25937,101,109,1.0
25938,101,103,1.43433328678478e-43
25939,102,358,6.71717958711474e-33
25940,102,230,5.69644785736937e-33
25941,102,118,0.624805968703197
25942,102,110,0.375194031296803
25943,102,103,1.10218215503553e-32
25944,103,359,1.57903024669112e-19
25945,103,231,9.22990084517028e-22
25946,103,119,0.589957081005857
25947,103,111,0.410042918994143
25948,104,360,7.638493843040171e-21
25949,104,232,0.158271105724007
25950,104,120,5.03082317946105e-19
25951,104,108,0.797472413214522
25952,104,106,2.3353691647166497e-43
25953,104,105,0.0442564810614715
25954,105,361,0.435411892760589
25955,105,233,0.561952350190743
25956,105,121,1.2849816984707301e-23
25957,105,109,0.0026357570486684
25958,105,107,5.48740695356587e-47
25959,106,362,1.39501798299752e-32
25960,106,234,1.04047569582155e-32
25961,106,122,0.586048574951483
25962,106,110,0.413951425048517
25963,106,107,2.36480874954426e-32
25964,107,363,4.29781343668508e-20
25965,107,235,2.0882985586701e-22
25966,107,123,0.575418449777951
25967,107,111,0.424581550222049
25968,108,364,4.3197311776456394e-49
25969,108,236,0.147707696176288
25970,108,124,0.852174221429875
25971,108,110,2.4646140422870897e-22
25972,108,109,0.0001180823938376
25973,109,365,1.82436345529873e-22
25974,109,237,1.07576023455754e-06
25975,109,125,0.999998924239765
25976,109,111,9.41534980746581e-21
25977,110,366,3.9063894431558497e-28
25978,110,238,3.26246480509431e-28
25979,110,126,1.0
25980,110,111,9.73061263049632e-28
25981,111,367,9.41936214450482e-17
25982,111,239,1.09945373134492e-18
25983,111,127,1.0
25984,112,368,1.0867090683817699e-69
25985,112,240,0.0278336803330618
25986,112,120,0.464830069374615
25987,112,116,0.507336250292323
25988,112,114,2.69108972722054e-30
25989,112,113,9.606776283553961e-35
25990,113,369,1.1012563304152e-51
25991,113,241,5.80942080386832e-30
25992,113,121,0.475637489347879
25993,113,117,0.524362510652121
25994,113,115,1.19854538405973e-28
25995,114,370,9.231743038296898e-41
25996,114,242,6.72773094108454e-41
25997,114,122,0.465057385958331
25998,114,118,0.534942614041669
25999,114,115,2.92695133275074e-40
26000,115,371,3.17017158152896e-24
26001,115,243,4.19174088058609e-27
26002,115,123,0.476679390040602
26003,115,119,0.523320609959398
26004,116,372,1.0352528344897399e-57
26005,116,244,1.28250668074567e-57
26006,116,124,1.0
26007,116,118,1.2826398305315802e-25
26008,116,117,3.43228315496532e-29
26009,117,373,1.29601518754568e-42
26010,117,245,5.64980520174458e-25
26011,117,125,1.0
26012,117,119,5.33471310511165e-24
26013,118,374,2.6007207425034e-33
26014,118,246,2.3143758936307098e-33
26015,118,126,1.0
26016,118,119,1.40579187045144e-32
26017,119,375,1.08461410777333e-19
26018,119,247,6.250498168953259e-22
26019,119,127,1.0
26020,120,376,2.4021560169159898e-57
26021,120,248,0.0914445656313023
26022,120,124,0.908555434368698
26023,120,122,1.5846834356773102e-25
26024,120,121,4.91251262468664e-29
26025,121,377,1.25203159330128e-43
26026,121,249,1.14845378127127e-25
26027,121,125,1.0
26028,121,123,1.8380997549243302e-24
26029,122,378,3.98862980015424e-33
26030,122,250,2.67481092458051e-33
26031,122,126,1.0
26032,122,123,2.07754404987035e-32
26033,123,379,3.3939677791552105e-20
26034,123,251,1.56383444714379e-22
26035,123,127,1.0
26036,124,380,6.90349005865902e-24
26037,124,252,8.20061529956281e-24
26038,124,126,0.996037909465823
26039,124,125,0.0039620905341768
26040,125,381,1.2394621467499201e-14
26041,125,253,0.151492689590032
26042,125,127,0.848507310409956
26043,126,382,0.1744617513664
26044,126,254,0.172861800342145
26045,126,127,0.652676448291455
26046,127,383,0.968688973628828
26047,127,255,0.0313110263711722
26048,128,384,7.06994203409426e-169
26049,128,192,0.495687843638522
26050,128,160,0.504312156361478
26051,128,144,1.4311619226671601e-59
26052,128,136,3.8207265301587696e-30
26053,128,132,1.65266096781557e-59
26054,128,130,7.05274936067217e-169
26055,128,129,1.7791053603047e-61
26056,129,385,4.4774760571840394e-92
26057,129,193,0.366197410904994
26058,129,161,0.286691924649914
26059,129,145,6.73458263858216e-90
26060,129,137,0.347110664445091
26061,129,133,8.00283319238218e-54
26062,129,131,1.98312976536413e-139
26063,130,386,0.21199484633115
26064,130,194,0.119536477650609
26065,130,162,0.0669517435273409
26066,130,146,0.216110790026364
26067,130,138,0.180589217862272
26068,130,134,0.204816924602264
26069,130,131,2.9314918085431e-76
26070,131,387,4.54691027105896e-69
26071,131,195,0.165340661278069
26072,131,163,0.110570003989638
26073,131,147,0.296748628852197
26074,131,139,0.145230952932426
26075,131,135,0.282109752947671
26076,132,388,8.73349718849843e-111
26077,132,196,0.352001148659368
26078,132,164,0.174420521962335
26079,132,148,9.320144227026841e-111
26080,132,140,0.473578329378297
26081,132,134,8.74058540846871e-111
26082,132,133,1.810519398193e-66
26083,133,389,1.87286806995619e-39
26084,133,197,0.353484547508884
26085,133,165,0.234530350849123
26086,133,149,2.88898187404293e-37
26087,133,141,0.411985101641993
26088,133,135,4.15518314118741e-87
26089,134,390,0.266485835103967
26090,134,198,0.167131929306856
26091,134,166,0.0688182253972621
26092,134,150,0.270228773971105
26093,134,142,0.22733523622081
26094,134,135,6.89459089123825e-76
26095,135,391,2.58281093021431e-69
26096,135,199,0.224589647694673
26097,135,167,0.147211642044316
26098,135,151,0.406131517846363
26099,135,143,0.222067192414648
26100,136,392,3.33795284344097e-140
26101,136,200,0.559539275821491
26102,136,168,0.440460724178509
26103,136,152,1.63394415691874e-30
26104,136,140,2.0484701377837e-30
26105,136,138,3.33352958074573e-140
26106,136,137,2.13422668670277e-32
26107,137,393,1.00969407235632e-69
26108,137,201,0.454977893392642
26109,137,169,0.545022106607358
26110,137,153,2.9790918900295e-68
26111,137,141,3.8782505145201294e-42
26112,137,139,7.86052186380125e-101
26113,138,394,0.26464581388057
26114,138,202,0.149826927505779
26115,138,170,0.0634388215782373
26116,138,154,0.264254085197273
26117,138,142,0.25783435183814
26118,138,139,2.1242788492831702e-76
26119,139,395,2.56287577802942e-39
26120,139,203,0.170187082773384
26121,139,171,0.206933955833754
26122,139,155,0.315649303782476
26123,139,143,0.307229657610385
26124,140,396,4.15730030797832e-111
26125,140,204,0.580196295112391
26126,140,172,0.419803704887608
26127,140,156,4.498934871164171e-111
26128,140,142,4.19580653352729e-111
26129,140,141,1.99796298161531e-66
26130,141,397,9.1874849254621e-29
26131,141,205,0.497035070258426
26132,141,173,0.502964929741574
26133,141,157,2.83152988747424e-27
26134,141,143,3.61394923436042e-60
26135,142,398,0.351742293372005
26136,142,206,0.210193477557527
26137,142,174,0.0889267998477462
26138,142,158,0.349137429222721
26139,142,143,7.29565413096615e-76
26140,143,399,1.7792444629467702e-39
26141,143,207,0.260288750333147
26142,143,175,0.284305249769067
26143,143,159,0.455405999897785
26144,144,400,1.0213646544392801e-110
26145,144,208,0.296046836600798
26146,144,176,0.267744395525963
26147,144,152,0.436208767873238
26148,144,148,1.07626106693178e-110
26149,144,146,1.0649914674590401e-110
26150,144,145,1.8816909016361202e-113
26151,145,401,1.11051201403228e-118
26152,145,209,0.224618060809979
26153,145,177,0.138091824009293
26154,145,153,0.207202538759197
26155,145,149,0.430087576421531
26156,145,147,7.91976979195669e-51
26157,146,402,0.266221361551599
26158,146,210,0.156889277402102
26159,146,178,0.0999633131894831
26160,146,154,0.220819323999806
26161,146,150,0.25610672385701
26162,146,147,7.20028570452792e-76
26163,147,403,2.67230435035671e-69
26164,147,211,0.229030151949446
26165,147,179,0.168828575693848
26166,147,155,0.220588844260977
26167,147,151,0.381552428095728
26168,148,404,0.245022945442504
26169,148,212,0.176100695178811
26170,148,180,0.0955573571033325
26171,148,156,0.228601404481415
26172,148,150,0.253425013732188
26173,148,149,0.0012925840617497
26174,149,405,3.00517503850501e-119
26175,149,213,0.358787807381812
26176,149,181,0.240736789255592
26177,149,157,0.400475403362596
26178,149,151,5.58142672109372e-51
26179,150,406,0.355690971976509
26180,150,214,0.229897960235883
26181,150,182,0.120692383505821
26182,150,158,0.293718684281787
26183,150,151,1.89524191405463e-75
26184,151,407,1.39104787818045e-69
26185,151,215,0.353478170656271
26186,151,183,0.264120232372192
26187,151,159,0.382401596971538
26188,152,408,5.218398006322371e-111
26189,152,216,0.540745950409069
26190,152,184,0.459254049590931
26191,152,156,5.64029908634867e-111
26192,152,154,5.391241837170171e-111
26193,152,153,1.00796121449501e-113
26194,153,409,5.72586609913078e-72
26195,153,217,0.237001893807333
26196,153,185,0.271365495466999
26197,153,157,0.491632610725668
26198,153,155,7.379490971802269e-34
26199,154,410,0.352559466013041
26200,154,218,0.201253706647297
26201,154,186,0.105531269644603
26202,154,158,0.340655557695059
26203,154,155,7.77124286935793e-76
26204,155,411,1.78736925859942e-39
26205,155,219,0.264337469582978
26206,155,187,0.296437817541596
26207,155,159,0.439224712875426
26208,156,412,0.318382946044107
26209,156,220,0.220519602213872
26210,156,188,0.132563503704361
26211,156,158,0.325613317058877
26212,156,157,0.0029206309787822
26213,157,413,1.7865810752057299e-72
26214,157,221,0.505880505727097
26215,157,189,0.494119494272903
26216,157,159,5.11594002969745e-34
26217,158,414,0.51666379281518
26218,158,222,0.311716814669753
26219,158,190,0.171619392515067
26220,158,159,3.26848011813286e-75
26221,159,415,1.10876935809851e-39
26222,159,223,0.49696694720586
26223,159,191,0.503033052794139
26224,160,416,1.44592656669899e-142
26225,160,224,1.0
26226,160,176,2.96808321573025e-53
26227,160,168,2.94654418999021e-27
26228,160,164,2.19725720752646e-53
26229,160,162,1.40513199279146e-142
26230,160,161,7.74863333500905e-55
26231,161,417,3.05386218570726e-69
26232,161,225,0.394776780664099
26233,161,177,9.24368242228318e-68
26234,161,169,0.605223219335901
26235,161,165,5.98557276146946e-42
26236,161,163,6.11697645666781e-100
26237,162,418,0.281093714540959
26238,162,226,0.0834308010437691
26239,162,178,0.274110091164285
26240,162,170,0.166064536887054
26241,162,166,0.195300856363933
26242,162,163,8.97140606524023e-54
26243,163,419,1.10836037776325e-38
26244,163,227,0.155180496573211
26245,163,179,0.318074370500545
26246,163,171,0.241119975281805
26247,163,167,0.285625157644439
26248,164,420,4.96141907553498e-56
26249,164,228,0.420569784166184
26250,164,180,5.464408528458329e-56
26251,164,172,0.579430215833816
26252,164,166,4.903375024941439e-56
26253,164,165,3.0823382258866696e-36
26254,165,421,3.39721889332219e-23
26255,165,229,0.354843129089181
26256,165,181,5.79729939131366e-22
26257,165,173,0.645156870910819
26258,165,167,5.109446601693971e-47
26259,166,422,0.28906464511743
26260,166,230,0.18632363903139
26261,166,182,0.289653436743914
26262,166,174,0.234958279107266
26263,166,167,4.1373641206085e-27
26264,167,423,2.16895939858324e-28
26265,167,231,0.216757588972058
26266,167,183,0.438204504089846
26267,167,175,0.345037906938096
26268,168,424,4.83036312653479e-89
26269,168,232,1.0
26270,168,184,3.49953669861926e-22
26271,168,172,3.73872200619249e-22
26272,168,170,4.7412948603510096e-89
26273,168,169,3.04875322671569e-23
26274,169,425,1.54513271557021e-69
26275,169,233,1.0
26276,169,185,4.59599130085953e-68
26277,169,173,5.83886188165781e-42
26278,169,171,2.08399955155035e-100
26279,170,426,0.315002093943628
26280,170,234,0.119597276636486
26281,170,186,0.297467071164197
26282,170,174,0.267933558255689
26283,170,171,8.51421469094457e-35
26284,171,427,1.07567927353091e-38
26285,171,235,0.155454031789802
26286,171,187,0.437302869082662
26287,171,175,0.407243099127536
26288,172,428,1.18162920099343e-56
26289,172,236,1.0
26290,172,188,1.41613361992602e-56
26291,172,174,1.11881751876392e-56
26292,172,173,2.67985625412911e-36
26293,173,429,2.63067121855138e-23
26294,173,237,1.0
26295,173,189,4.52606450108664e-22
26296,173,175,1.9861606547441502e-47
26297,174,430,0.409478806143134
26298,174,238,0.19029324738114
26299,174,190,0.400227946475725
26300,174,175,4.76609672085921e-27
26301,175,431,1.7652147747278898e-28
26302,175,239,0.288951760530855
26303,175,191,0.711048239469145
26304,176,432,9.790019524780871e-91
26305,176,240,0.355436531077295
26306,176,184,0.644563468922705
26307,176,180,9.272812239832671e-91
26308,176,178,9.86666177889701e-91
26309,176,177,7.64583095770936e-93
26310,177,433,6.3694282424997e-71
26311,177,241,0.198328558976992
26312,177,185,0.34440568082076
26313,177,181,0.457265760202248
26314,177,179,1.8970779034436e-33
26315,178,434,0.373376497176852
26316,178,242,0.120926384890049
26317,178,186,0.223747894533056
26318,178,182,0.281949223400043
26319,178,179,1.34437118047843e-53
26320,179,435,7.82830235092786e-39
26321,179,243,0.242823868848508
26322,179,187,0.34318352650839
26323,179,183,0.413992604643102
26324,180,436,0.231461966607277
26325,180,244,0.23215254058315
26326,180,188,0.262846512131777
26327,180,182,0.237044777630399
26328,180,181,0.0364942030473977
26329,181,437,1.525126507192e-53
26330,181,245,0.390863043346125
26331,181,189,0.609136956653875
26332,181,183,3.35759198883961e-26
26333,182,438,0.396354183061922
26334,182,246,0.272454468313672
26335,182,190,0.331191348624406
26336,182,183,5.29588134751589e-27
26337,183,439,1.4259383243473e-28
26338,183,247,0.419995185689095
26339,183,191,0.580004814310905
26340,184,440,2.09831814599757e-68
26341,184,248,1.0
26342,184,188,2.63699833566062e-68
26343,184,186,2.1054786578656e-68
26344,184,185,1.5068168111447198e-69
26345,185,441,4.04047820182879e-71
26346,185,249,0.227429872762958
26347,185,189,0.772570127237042
26348,185,187,1.78689195397253e-33
26349,186,442,0.444527439264453
26350,186,250,0.152694071223189
26351,186,190,0.402778489512357
26352,186,187,1.08505301372182e-34
26353,187,443,7.32119326438393e-39
26354,187,251,0.311594615853802
26355,187,191,0.688405384146199
26356,188,444,0.284693006977525
26357,188,252,0.336086422751063
26358,188,190,0.291102375677248
26359,188,189,0.0881181945941644
26360,189,445,6.11954538669226e-54
26361,189,253,1.0
26362,189,191,2.73869617003091e-26
26363,190,446,0.661142969590148
26364,190,254,0.338857030409852
26365,190,191,7.924143897463879e-27
26366,191,447,1.07574610161205e-28
26367,191,255,1.0
26368,192,448,1.12465808952674e-133
26369,192,224,1.0
26370,192,208,6.99914696346697e-51
26371,192,200,4.4590404112448796e-26
26372,192,196,8.80643842071478e-51
26373,192,194,1.12763181243649e-133
26374,192,193,2.6985427770788402e-52
26375,193,449,1.27084832422912e-86
26376,193,225,0.416701529922679
26377,193,209,1.41361333580932e-84
26378,193,201,0.583298470077321
26379,193,197,6.05872036366602e-51
26380,193,195,1.7465722266529e-129
26381,194,450,0.246317250327749
26382,194,226,0.0600485040462191
26383,194,210,0.242965008901797
26384,194,202,0.20611867309472
26385,194,198,0.244550563629514
26386,194,195,7.04511587354599e-48
26387,195,451,2.47158337220179e-59
26388,195,227,0.0897392485920428
26389,195,211,0.401316810388454
26390,195,203,0.135558855870394
26391,195,199,0.373385085149109
26392,196,452,2.1967547010056602e-84
26393,196,228,0.323435571709108
26394,196,212,2.42644486699431e-84
26395,196,204,0.676564428290892
26396,196,198,2.15925134569401e-84
26397,196,197,2.12779771731644e-52
26398,197,453,1.1805693504922699e-36
26399,197,229,0.299215529851327
26400,197,213,1.30285912823578e-34
26401,197,205,0.700784470148673
26402,197,199,7.85099377349031e-80
26403,198,454,0.321446675345026
26404,198,230,0.092308139435303
26405,198,214,0.322705909291105
26406,198,206,0.263539275928566
26407,198,199,8.3966632915049e-48
26408,199,455,1.33933679967033e-59
26409,199,231,0.126965308595159
26410,199,215,0.614505443239225
26411,199,207,0.258529248165616
26412,200,456,2.6122101444041e-109
26413,200,232,1.0
26414,200,216,9.17535279374159e-26
26415,200,204,1.1604782787819302e-25
26416,200,202,2.58057657293328e-109
26417,200,201,3.26801287238376e-27
26418,201,457,1.32632100841631e-56
26419,201,233,1.0
26420,201,217,1.75797853274759e-55
26421,201,205,8.4404410505279e-35
26422,201,203,6.83172536355029e-80
26423,202,458,0.320011615827982
26424,202,234,0.0525404395375982
26425,202,218,0.31169164091725
26426,202,206,0.31575630371717
26427,202,203,3.12107868224888e-48
26428,203,459,1.04944958371757e-27
26429,203,235,0.207282225677723
26430,203,219,0.402999035458795
26431,203,207,0.389718738863483
26432,204,460,5.6616952530977e-85
26433,204,236,1.0
26434,204,220,6.70249188198043e-85
26435,204,206,5.44569297844058e-85
26436,204,205,1.9764495375932202e-52
26437,205,461,7.45712729781272e-23
26438,205,237,1.0
26439,205,221,1.02890296207493e-21
26440,205,207,1.5613184508931001e-46
26441,206,462,0.460476674409452
26442,206,238,0.0838078300820687
26443,206,222,0.45571549550848
26444,206,207,6.21115881270528e-48
26445,207,463,7.557344743303249e-28
26446,207,239,0.328713164899124
26447,207,223,0.671286835100876
26448,208,464,2.96062967151165e-84
26449,208,240,0.32546443868642
26450,208,216,0.67453556131358
26451,208,212,3.35540877243156e-84
26452,208,210,2.97092383911452e-84
26453,208,209,4.99101640569253e-86
26454,209,465,2.1661325611623e-104
26455,209,241,0.121058609425063
26456,209,217,0.232103300047844
26457,209,213,0.646838090527093
26458,209,211,4.7788411587194804e-46
26459,210,466,0.322067493798617
26460,210,242,0.0924074287094344
26461,210,218,0.261496530989928
26462,210,214,0.324028546502021
26463,210,211,9.58344710628324e-48
26464,211,467,1.30857324226292e-59
26465,211,243,0.175532925765645
26466,211,219,0.258936213343458
26467,211,215,0.565530860890897
26468,212,468,0.273400196646997
26469,212,244,0.156422587225538
26470,212,220,0.280001257213282
26471,212,214,0.278885358107359
26472,212,213,0.0112906008068232
26473,213,469,5.7513183245168906e-105
26474,213,245,0.326825294207795
26475,213,221,0.673174705792205
26476,213,215,3.54322080356521e-46
26477,214,470,0.463056871820537
26478,214,246,0.16846437882909
26479,214,222,0.368478749350373
26480,214,215,1.4923141249562902e-47
26481,215,471,6.18335934144214e-60
26482,215,247,0.365577392747819
26483,215,223,0.634422607252181
26484,216,472,7.25595752321249e-85
26485,216,248,1.0
26486,216,220,9.16492212895485e-85
26487,216,218,7.3442964407945e-85
26488,216,217,1.06155664911059e-86
26489,217,473,3.38519588817403e-52
26490,217,249,0.27254922673042
26491,217,221,0.727450773269581
26492,217,219,1.36203039141879e-25
26493,218,474,0.461384795677782
26494,218,250,0.0777745151350365
26495,218,222,0.460840689187182
26496,218,219,7.16770373400646e-48
26497,219,475,7.558920809537829e-28
26498,219,251,0.359286102230782
26499,219,223,0.640713897769218
26500,220,476,0.353786674744525
26501,220,252,0.253958223563108
26502,220,222,0.362288828690541
26503,220,221,0.0299662730018265
26504,221,477,8.34596021085478e-53
26505,221,253,1.0
26506,221,223,8.527314103939979e-26
26507,222,478,0.797657666558735
26508,222,254,0.202342333441265
26509,222,223,2.25603474266059e-47
26510,223,479,4.5905986830726e-28
26511,223,255,1.0
26512,224,480,4.44594895102102e-73
26513,224,240,5.28755043051078e-19
26514,224,232,1.0
26515,224,228,5.75840516526263e-19
26516,224,226,4.4681165412366703e-73
26517,224,225,7.07514882518379e-20
26518,225,481,7.47996226876143e-57
26519,225,241,1.0919553334387499e-55
26520,225,233,1.0
26521,225,229,4.60475987658168e-35
26522,225,227,3.58650972309263e-80
26523,226,482,0.294959608990363
26524,226,242,0.260156494292077
26525,226,234,0.181748452039516
26526,226,230,0.263135444678045
26527,226,227,1.0337138553434399e-26
26528,227,483,9.383704305244919e-28
26529,227,243,0.413893281372813
26530,227,235,0.241873734843939
26531,227,231,0.344232983783248
26532,228,484,9.959981373084149e-56
26533,228,244,1.1092506115083399e-55
26534,228,236,1.0
26535,228,230,9.828353408942709e-56
26536,228,229,5.37517106671854e-36
26537,229,485,5.095711741861221e-19
26538,229,245,4.32861982873377e-18
26539,229,237,1.0
26540,229,231,5.93773037243913e-38
26541,230,486,0.398263924710412
26542,230,246,0.3697576931218
26543,230,238,0.231978382167788
26544,230,231,1.14803110258039e-26
26545,231,487,8.829291146333069e-22
26546,231,247,0.593095422052691
26547,231,239,0.406904577947309
26548,232,488,2.5600028402035398e-48
26549,232,248,0.423036992058794
26550,232,236,0.487768229438415
26551,232,234,2.5884442506809798e-48
26552,232,233,0.089194778502791
26553,233,489,7.983121675692549e-16
26554,233,249,4.677927133559061e-15
26555,233,237,0.999999999999994
26556,233,235,6.068392604901041e-31
26557,234,490,0.390708996354366
26558,234,250,0.297253730678658
26559,234,238,0.312037272966975
26560,234,235,2.53261628102433e-22
26561,235,491,3.24479369592873e-17
26562,235,251,0.520875066763688
26563,235,239,0.479124933236312
26564,236,492,1.54311961489233e-14
26565,236,252,1.83945440756297e-14
26566,236,238,1.59319287067117e-14
26567,236,237,0.99999999999995
26568,237,493,0.170272028020931
26569,237,253,0.829727971979067
26570,237,239,1.9808909707908803e-15
26571,238,494,0.536032619865224
26572,238,254,0.463967380134776
26573,238,239,1.58042465382568e-17
26574,239,495,1.73101591021479e-15
26575,239,255,0.999999999999998
26576,240,496,1.1731413969091899e-55
26577,240,248,1.0
26578,240,244,1.3035267946628899e-55
26579,240,242,1.1163030676110699e-55
26580,240,241,1.21036293305034e-56
26581,241,497,2.53465015057621e-52
26582,241,249,0.34627273006455
26583,241,245,0.65372726993545
26584,241,243,1.19623429983399e-25
26585,242,498,0.39892300273509
26586,242,250,0.224204081888809
26587,242,246,0.376872915376101
26588,242,243,1.44508379725686e-26
26589,243,499,6.787369395572529e-28
26590,243,251,0.411624942962829
26591,243,247,0.588375057037171
26592,244,500,0.306491968386616
26593,244,252,0.331572212652652
26594,244,246,0.297645044561527
26595,244,245,0.0642907743992048
26596,245,501,9.04948125690226e-42
26597,245,253,1.0
26598,245,247,6.4448853003945905e-21
26599,246,502,0.621082961390139
26600,246,254,0.378917038609861
26601,246,247,1.9902655016193198e-26
26602,247,503,6.28962184956133e-22
26603,247,255,1.0
26604,248,504,0.298304425265606
26605,248,252,0.334275626536914
26606,248,250,0.27846338011023
26607,248,249,0.0889565680872494
26608,249,505,4.06728654371068e-30
26609,249,253,0.999999999999998
26610,249,251,1.53910899640015e-15
26611,250,506,0.524865163303708
26612,250,254,0.475134836696291
26613,250,251,5.38633243547752e-16
26614,251,507,1.20357404011236e-15
26615,251,255,0.999999999999999
26616,252,508,0.391088282274745
26617,252,254,0.359388455538599
26618,252,253,0.249523262186656
26619,253,509,5.35203160037423e-14
26620,253,255,0.999999999999946
26621,254,510,0.999999999999999
26622,254,255,1.0330923293617101e-15
26623,255,511,1.0
26624,256,384,1.66688062251262e-108
26625,256,320,0.261555163502799
26626,256,288,0.205687086519766
26627,256,272,1.67535213479818e-108
26628,256,264,0.341680977732154
26629,256,260,1.6147281616197e-108
26630,256,258,1.7147192911867698e-108
26631,256,257,0.191076772245281
26632,257,385,8.436707864630789e-92
26633,257,321,0.393412449620167
26634,257,289,0.287955544166545
26635,257,273,4.95235416247179e-133
26636,257,265,0.318632006213288
26637,257,261,8.016297286811839e-92
26638,257,259,4.95319107309016e-133
26639,258,386,0.205579291258764
26640,258,322,0.125108290388258
26641,258,290,0.0743573110332801
26642,258,274,0.214606288069823
26643,258,266,0.179492105729733
26644,258,262,0.200856713520142
26645,258,259,1.87394048771509e-66
26646,259,387,3.61984290612107e-75
26647,259,323,0.17129025909615
26648,259,291,0.120115790023417
26649,259,275,0.28470735171418
26650,259,267,0.150298002655898
26651,259,263,0.273588596510355
26652,260,388,0.210746892771217
26653,260,324,0.13234195548527
26654,260,292,0.0536487149303647
26655,260,276,0.208471392608997
26656,260,268,0.181496042075906
26657,260,262,0.213294652080564
26658,260,261,3.50047681930219e-07
26659,261,389,0.450537123621119
26660,261,325,0.225809605200886
26661,261,293,0.111071793220924
26662,261,277,1.4824558103923098e-42
26663,261,269,0.212581477957071
26664,261,263,1.48724737230996e-42
26665,262,390,0.263516418325416
26666,262,326,0.170263472347955
26667,262,294,0.0742818335784514
26668,262,278,0.266266705680619
26669,262,270,0.225671570067559
26670,262,263,3.91287716744495e-66
26671,263,391,2.02040698031354e-75
26672,263,327,0.231157605965543
26673,263,295,0.158861316563423
26674,263,279,0.382702752827724
26675,263,271,0.22727832464331
26676,264,392,8.80022942836961e-109
26677,264,328,0.436782951235426
26678,264,296,0.314004993243143
26679,264,280,8.71377885094424e-109
26680,264,268,8.57720474542242e-109
26681,264,266,9.0077761528702e-109
26682,264,265,0.249212055521431
26683,265,393,1.6944388288872e-69
26684,265,329,0.452736804297525
26685,265,297,0.547263195702475
26686,265,281,8.04464603026313e-97
26687,265,269,1.58574992469278e-69
26688,265,267,8.06570157700777e-97
26689,266,394,0.258205539053733
26690,266,330,0.155380191663653
26691,266,298,0.071690813155381
26692,266,282,0.262190623474685
26693,266,270,0.252532832652549
26694,266,267,1.4808351164338e-66
26695,267,395,4.31242362172598e-43
26696,267,331,0.178848581502238
26697,267,299,0.208377077608336
26698,267,283,0.308111781689305
26699,267,271,0.304662559200122
26700,268,396,0.261763479722909
26701,268,332,0.153302939197041
26702,268,300,0.0634042345328936
26703,268,284,0.256319011043125
26704,268,270,0.265209855110246
26705,268,269,4.80393785977089e-07
26706,269,397,0.507456559445162
26707,269,333,0.236066426813554
26708,269,301,0.256477013741285
26709,269,285,1.33739578993977e-28
26710,269,271,1.34487001016108e-28
26711,270,398,0.350387048914753
26712,270,334,0.212873000325302
26713,270,302,0.0951119137468106
26714,270,286,0.341628037013134
26715,270,271,4.30347885865998e-66
26716,271,399,2.9565080269664098e-43
26717,271,335,0.273711873326727
26718,271,303,0.289088794285598
26719,271,287,0.437199332387675
26720,272,400,0.205708453358408
26721,272,336,0.123619547475907
26722,272,304,0.0723814084087033
26723,272,280,0.177713831957545
26724,272,276,0.200927686511932
26725,272,274,0.219649072287504
26726,272,273,1.9165874929264e-66
26727,273,401,3.41154719385672e-75
26728,273,337,0.170630905349855
26729,273,305,0.11876464251977
26730,273,281,0.149635144702537
26731,273,277,0.274391757717182
26732,273,275,0.286577549710656
26733,274,402,0.259974630509093
26734,274,338,0.163243891408583
26735,274,306,0.108283544320967
26736,274,282,0.219290625327582
26737,274,278,0.249207308433775
26738,274,275,3.94140445185908e-66
26739,275,403,2.15170896230574e-75
26740,275,339,0.235418149698152
26741,275,307,0.178540143326366
26742,275,283,0.222177384160628
26743,275,279,0.363864322814854
26744,276,404,0.264335758514125
26745,276,340,0.168055101979841
26746,276,308,0.0720296306393375
26747,276,284,0.223152373239003
26748,276,278,0.272427135627693
26749,276,277,3.9805034240838e-66
26750,277,405,1.85762681163595e-75
26751,277,341,0.229909803247943
26752,277,309,0.156434817534226
26753,277,285,0.226321175344767
26754,277,279,0.387334203873064
26755,278,406,0.356961286074504
26756,278,342,0.230852489019275
26757,278,310,0.122642944251646
26758,278,286,0.289543280654574
26759,278,279,8.89591113167326e-66
26760,279,407,1.12098916737213e-75
26761,279,343,0.355914739854055
26762,279,311,0.270596031541192
26763,279,287,0.373489228604753
26764,280,408,0.257977407026044
26765,280,344,0.151379518999365
26766,280,312,0.0673046737800121
26767,280,284,0.252301633478206
26768,280,282,0.271036766716374
26769,280,281,1.5174373753944e-66
26770,281,409,4.21552140846234e-43
26771,281,345,0.177612657965543
26772,281,313,0.206663999852285
26773,281,285,0.305266676592913
26774,281,283,0.310456665589259
26775,282,410,0.346686921989151
26776,282,346,0.208662154259442
26777,282,314,0.11560675444767
26778,282,286,0.329044169303737
26779,282,283,4.30273753943781e-66
26780,283,411,3.0258077577485e-43
26781,283,347,0.273695354955739
26782,283,315,0.29766205256653
26783,283,287,0.428642592477731
26784,284,412,0.351865220760713
26785,284,348,0.206713779928171
26786,284,316,0.0879430351557086
26787,284,286,0.353477964155407
26788,284,285,4.38173535895359e-66
26789,285,413,2.83615111259189e-43
26790,285,349,0.270915720034689
26791,285,317,0.285074326499108
26792,285,287,0.444009953466202
26793,286,414,0.525986244197038
26794,286,350,0.306963522792029
26795,286,318,0.167050233010933
26796,286,287,1.42898979969288e-65
26797,287,415,1.87253933827521e-43
26798,287,351,0.500982529520895
26799,287,319,0.499017470479105
26800,288,416,1.52518533130565e-88
26801,288,352,0.310113205100816
26802,288,304,1.5692893603708901e-88
26803,288,296,0.396391745751294
26804,288,292,1.1006768444766501e-88
26805,288,290,1.63005534744105e-88
26806,288,289,0.29349504914789
26807,289,417,4.66936081990036e-69
26808,289,353,0.433793421815659
26809,289,305,5.62300129433036e-96
26810,289,297,0.566206578184341
26811,289,293,3.83549986567159e-69
26812,289,291,5.65297143358561e-96
26813,290,418,0.251451473694497
26814,290,354,0.12635343176871
26815,290,306,0.265971954416917
26816,290,298,0.167946662998127
26817,290,294,0.188276477121748
26818,290,291,3.27583997787202e-47
26819,291,419,1.86861005527739e-42
26820,291,355,0.169022627687591
26821,291,307,0.310548066126451
26822,291,299,0.237286569265499
26823,291,295,0.283142736920459
26824,292,420,0.215144532752005
26825,292,356,0.166346024231983
26826,292,308,0.21621714002665
26827,292,300,0.180116559979084
26828,292,294,0.221012739502433
26829,292,293,0.0011630035078458
26830,293,421,0.475725403572491
26831,293,357,0.171594230884435
26832,293,309,7.39577529161237e-22
26833,293,301,0.352680365543073
26834,293,295,7.46069409486975e-22
26835,294,422,0.278595128541856
26836,294,358,0.208773153253582
26837,294,310,0.279584550854852
26838,294,302,0.23304716734971
26839,294,295,3.78881999140581e-24
26840,295,423,2.35200987156841e-31
26841,295,359,0.231704237406749
26842,295,311,0.424081948069469
26843,295,303,0.344213814523782
26844,296,424,1.92625083993521e-66
26845,296,360,0.456916920396453
26846,296,312,1.96119123570332e-66
26847,296,300,1.68204340116724e-66
26848,296,298,2.05837975755121e-66
26849,296,297,0.543083079603547
26850,297,425,2.60364119322042e-69
26851,297,361,1.0
26852,297,313,2.16077361694325e-96
26853,297,301,2.32225882415236e-69
26854,297,299,2.1873038719575298e-96
26855,298,426,0.290429641429095
26856,298,362,0.163644007530071
26857,298,314,0.289519713269426
26858,298,302,0.256406637771408
26859,298,299,6.199674002356851e-31
26860,299,427,1.90803617943295e-42
26861,299,363,0.167215179715281
26862,299,315,0.425213900445095
26863,299,303,0.407570919839624
26864,300,428,0.274934158601447
26865,300,364,0.181009058016901
26866,300,316,0.264218962410914
26867,300,302,0.277709004371709
26868,300,301,0.0021288165990286
26869,301,429,0.769631375532468
26870,301,365,0.230368624467532
26871,301,317,6.61703183266361e-22
26872,301,303,6.75957675189447e-22
26873,302,430,0.388950830938234
26874,302,366,0.233390023769527
26875,302,318,0.377659145292239
26876,302,303,4.9044426013785e-24
26877,303,431,1.82564992341862e-31
26878,303,367,0.328632382836556
26879,303,319,0.671367617163444
26880,304,432,0.2527189241943
26881,304,368,0.11902068647771
26882,304,312,0.162062001275196
26883,304,308,0.188118175113697
26884,304,306,0.278080212939097
26885,304,305,3.11249234601281e-47
26886,305,433,1.8369203959270398e-42
26887,305,369,0.167254107123791
26888,305,313,0.236176988555616
26889,305,309,0.283021047720404
26890,305,307,0.313547856600189
26891,306,434,0.336668513279324
26892,306,370,0.175861781469076
26893,306,314,0.225247754827085
26894,306,310,0.262221950424515
26895,306,307,5.1680144500757e-47
26896,307,435,1.3271655474244498e-42
26897,307,371,0.260820115111344
26898,307,315,0.336794616071319
26899,307,311,0.402385268817336
26900,308,436,0.28101709630668
26901,308,372,0.202613744140882
26902,308,316,0.22807945576425
26903,308,310,0.288289703788188
26904,308,309,3.71821645816055e-24
26905,309,437,2.2677974177771203e-31
26906,309,373,0.22761202772473
26907,309,317,0.341498077260559
26908,309,311,0.430889895014712
26909,310,438,0.383775080661148
26910,310,374,0.293503906656503
26911,310,318,0.322721012682349
26912,310,311,5.0967752370385e-24
26913,311,439,1.5498413716897401e-31
26914,311,375,0.432856492824894
26915,311,319,0.567143507175106
26916,312,440,0.289727839989782
26917,312,376,0.145736287469182
26918,312,316,0.256412602563156
26919,312,314,0.30812326997788
26920,312,313,5.99959889364149e-31
26921,313,441,1.8448836388355297e-42
26922,313,377,0.161765574848689
26923,313,317,0.405569627953242
26924,313,315,0.432664797198069
26925,314,442,0.402503985863075
26926,314,378,0.230273263587651
26927,314,318,0.367222750549274
26928,314,315,8.809259524779171e-31
26929,315,443,1.3232066328775e-42
26930,315,379,0.337543747256492
26931,315,319,0.662456252743508
26932,316,444,0.395655376747856
26933,316,380,0.202631770289397
26934,316,318,0.401712852962747
26935,316,317,4.87189795787812e-24
26936,317,445,1.77217554718611e-31
26937,317,381,0.307490560688184
26938,317,319,0.692509439311816
26939,318,446,0.642264737240719
26940,318,382,0.357735262759282
26941,318,319,8.44649218772899e-24
26942,319,447,1.1461824301124401e-31
26943,319,383,1.0
26944,320,448,3.29641622296617e-82
26945,320,352,0.252231880354361
26946,320,336,3.3977965388526597e-82
26947,320,328,0.414452522759672
26948,320,324,3.31187271024136e-82
26949,320,322,3.48046593285872e-82
26950,320,321,0.333315596885967
26951,321,449,2.65786920587459e-86
26952,321,353,0.473596072745764
26953,321,337,1.6729517059606998e-123
26954,321,329,0.526403927254236
26955,321,325,2.55284993046201e-86
26956,321,323,1.6819468879868998e-123
26957,322,450,0.229484568442194
26958,322,354,0.0915928561841848
26959,322,338,0.239770125097524
26960,322,330,0.203597630419348
26961,322,326,0.235554819856749
26962,322,323,2.97579406261563e-42
26963,323,451,7.74815994576217e-65
26964,323,355,0.109114370500698
26965,323,339,0.382909019511208
26966,323,331,0.147742616824735
26967,323,327,0.360233993163359
26968,324,452,0.235080388014445
26969,324,356,0.0934095271973152
26970,324,340,0.23211529574091
26971,324,332,0.201052399307254
26972,324,326,0.238300687042757
26973,324,325,4.17026973192559e-05
26974,325,453,0.679170664452773
26975,325,357,0.0804091408538339
26976,325,341,2.21144925922097e-38
26977,325,333,0.240420194693393
26978,325,327,2.23606444082132e-38
26979,326,454,0.304791563171755
26980,326,358,0.119788517424281
26981,326,342,0.314560987298835
26982,326,334,0.260858932105129
26983,326,327,4.0107813798449e-42
26984,327,455,4.2433449202727e-65
26985,327,359,0.153894372328981
26986,327,343,0.567701736829819
26987,327,335,0.278403890841199
26988,328,456,1.02336023512376e-82
26989,328,360,0.515426734006899
26990,328,344,1.0195417185428899e-82
26991,328,332,1.0393677839931599e-82
26992,328,330,1.0653879499297899e-82
26993,328,329,0.484573265993101
26994,329,457,2.0110522017564799e-56
26995,329,361,1.0
26996,329,345,6.2008881786405495e-77
26997,329,333,1.92535964079061e-56
26998,329,331,6.25098969201296e-77
26999,330,458,0.297078083488183
27000,330,362,0.0890167881617062
27001,330,346,0.309216685573829
27002,330,334,0.304688442776282
27003,330,331,1.65774149999958e-42
27004,331,459,1.7785157177237098e-30
27005,331,363,0.210928842746137
27006,331,347,0.396726840955312
27007,331,335,0.39234431629855
27008,332,460,0.309519653816842
27009,332,364,0.0960683456311924
27010,332,348,0.289868498362731
27011,332,334,0.304493958779565
27012,332,333,4.95434096688085e-05
27013,333,461,0.74211238617742
27014,333,365,0.25788761382258
27015,333,349,1.06342047196589e-21
27016,333,335,1.0793972625831601e-21
27017,334,462,0.435692523304798
27018,334,366,0.126181118024133
27019,334,350,0.438126358671069
27020,334,335,3.6728989798029394e-42
27021,335,463,1.2415152189621898e-30
27022,335,367,0.35855677483582
27023,335,351,0.64144322516418
27024,336,464,0.230423970162251
27025,336,368,0.0855976698667341
27026,336,344,0.20056901657471
27027,336,340,0.236383948938286
27028,336,338,0.247025394458019
27029,336,337,2.84040782574306e-42
27030,337,465,6.81394935781418e-65
27031,337,369,0.106399551354008
27032,337,345,0.145786275200999
27033,337,341,0.360365504583435
27034,337,339,0.387448668861558
27035,338,466,0.298008454184497
27036,338,370,0.134700581084443
27037,338,346,0.25936318298971
27038,338,342,0.307927781741349
27039,338,339,4.33917078162531e-42
27040,339,467,4.25617918727949e-65
27041,339,371,0.203142330290613
27042,339,347,0.267842772707676
27043,339,343,0.529014897001711
27044,340,468,0.307778722721369
27045,340,372,0.111590550122877
27046,340,348,0.255994967724055
27047,340,342,0.324635759431699
27048,340,341,3.83412021603722e-42
27049,341,469,3.74855119907645e-65
27050,341,373,0.147677180766273
27051,341,349,0.27325247168868
27052,341,343,0.579070347545048
27053,342,470,0.443666477189027
27054,342,374,0.196533485856465
27055,342,350,0.359800036954508
27056,342,343,7.17366070860495e-42
27057,343,471,2.06963600633367e-65
27058,343,375,0.388983070342092
27059,343,351,0.611016929657908
27060,344,472,0.296930979261071
27061,344,376,0.0733853302563332
27062,344,348,0.304824880420974
27063,344,346,0.324858810061623
27064,344,345,1.5666392831321e-42
27065,345,473,1.7483069620453798e-30
27066,345,377,0.205624526362362
27067,345,349,0.392077459836378
27068,345,347,0.40229801380126
27069,346,474,0.424384960800961
27070,346,378,0.145222039132568
27071,346,350,0.430393000066471
27072,346,347,3.8467149401723395e-42
27073,347,475,1.2754211149908e-30
27074,347,379,0.373273139968509
27075,347,351,0.626726860031491
27076,348,476,0.441595821178341
27077,348,380,0.0958293230228148
27078,348,350,0.462574855798844
27079,348,349,3.4935946282412895e-42
27080,349,477,1.19650864202844e-30
27081,349,381,0.339491505681128
27082,349,351,0.660508494318872
27083,350,478,0.774330386384626
27084,350,382,0.225669613615374
27085,350,351,1.1791114286119599e-41
27086,351,479,7.6690578943093705e-31
27087,351,383,1.0
27088,352,480,3.00283249910322e-67
27089,352,368,3.5512225205803205e-67
27090,352,360,0.533374668855756
27091,352,356,3.20441132241188e-67
27092,352,354,3.7895892901553706e-67
27093,352,353,0.466625331144244
27094,353,481,5.02680961393419e-57
27095,353,369,1.4045648871333898e-77
27096,353,361,1.0
27097,353,357,3.91401261115725e-57
27098,353,355,1.42325486892792e-77
27099,354,482,0.240440301698788
27100,354,370,0.297187506837666
27101,354,362,0.193255960390584
27102,354,358,0.269116231072962
27103,354,355,1.67894252094573e-31
27104,355,483,8.646535346071131e-31
27105,355,371,0.412570867980543
27106,355,363,0.238546072284986
27107,355,359,0.348883059734471
27108,356,484,0.267689887421538
27109,356,372,0.259982015147099
27110,356,364,0.196119601202677
27111,356,358,0.275107298198158
27112,356,357,0.0011011980305275
27113,357,485,0.635956501009108
27114,357,373,1.29487562777785e-17
27115,357,365,0.364043498990892
27116,357,359,1.31804971788757e-17
27117,358,486,0.355355488089818
27118,358,374,0.384584644645629
27119,358,366,0.260059867264553
27120,358,359,3.62338840947766e-24
27121,359,487,5.14082357994375e-24
27122,359,375,0.573001010590779
27123,359,367,0.426998989409221
27124,360,488,2.8362502862016197e-55
27125,360,376,3.04773652183884e-55
27126,360,364,2.8586981095845697e-55
27127,360,362,3.4843510629006596e-55
27128,360,361,1.0
27129,361,489,0.509072050955456
27130,361,377,4.96701973651437e-13
27131,361,365,0.490927949043541
27132,361,363,5.07071986122674e-13
27133,362,490,0.321537020942443
27134,362,378,0.354193685366004
27135,362,366,0.324269293691554
27136,362,363,3.86688545388392e-24
27137,363,491,4.87599517349921e-17
27138,363,379,0.508409891615462
27139,363,367,0.491590108384538
27140,364,492,0.330562005771171
27141,364,380,0.306552662020613
27142,364,366,0.357054921272894
27143,364,365,0.0058304109353217
27144,365,493,0.999999999999127
27145,365,381,4.2655966926615996e-13
27146,365,367,4.46419403685352e-13
27147,366,494,0.525706955517175
27148,366,382,0.474293044482825
27149,366,367,6.604358886901231e-20
27150,367,495,4.23808917835885e-17
27151,367,383,1.0
27152,368,496,0.234450292343244
27153,368,376,0.174095170621155
27154,368,372,0.270460237163122
27155,368,370,0.32099429987248
27156,368,369,1.64559638391412e-31
27157,369,497,8.560480554410351e-31
27158,369,377,0.233323962826645
27159,369,373,0.346537602713545
27160,369,371,0.42013843445981
27161,370,498,0.353268992180625
27162,370,378,0.264501828078675
27163,370,374,0.3822291797407
27164,370,371,2.65609716593559e-31
27165,371,499,6.100927234912751e-31
27166,371,379,0.419203864620044
27167,371,375,0.580796135379956
27168,372,500,0.36103316637971
27169,372,380,0.227423502238317
27170,372,374,0.411543331381974
27171,372,373,3.59455205047556e-24
27172,373,501,5.11109343738852e-24
27173,373,381,0.411802784628012
27174,373,375,0.588197215371988
27175,374,502,0.612146314462494
27176,374,382,0.387853685537506
27177,374,375,6.95810646846925e-24
27178,375,503,3.62536155439427e-24
27179,375,383,1.0
27180,376,504,0.275947412531294
27181,376,380,0.31152381946872
27182,376,378,0.412528767999986
27183,376,377,3.97297765201311e-24
27184,377,505,4.9846506148974996e-17
27185,377,381,0.480599594952127
27186,377,379,0.519400405047873
27187,378,506,0.506317438591888
27188,378,382,0.493682561408112
27189,378,379,7.50947749163099e-24
27190,379,507,4.13918352713603e-17
27191,379,383,1.0
27192,380,508,0.510141088425607
27193,380,382,0.489858911574393
27194,380,381,1.0269721414975799e-16
27195,381,509,4.39439987034638e-17
27196,381,383,1.0
27197,382,510,0.999999999999954
27198,382,383,4.54028677693937e-14
27199,383,511,1.0
27200,384,448,0.123458294495235
27201,384,416,0.0737659164648197
27202,384,400,0.206753916162603
27203,384,392,0.180389102539335
27204,384,388,0.204153157781972
27205,384,386,0.211479317612163
27206,384,385,2.9494387335307e-07
27207,385,449,0.225382629085996
27208,385,417,0.125697438450018
27209,385,401,1.8110205309797e-116
27210,385,393,0.202336224793512
27211,385,389,0.446583707670474
27212,385,387,1.8110205309797e-116
27213,386,450,0.151814804342666
27214,386,418,0.0938918660341069
27215,386,402,0.271390129347483
27216,386,394,0.22544029426339
27217,386,390,0.257462906012354
27218,386,387,0.0
27219,387,451,0.2
27220,387,419,0.2
27221,387,403,0.2
27222,387,395,0.2
27223,387,391,0.2
27224,388,452,0.167896480941812
27225,388,420,0.0784867729116678
27226,388,404,0.26148164259588
27227,388,396,0.225431724781347
27228,388,390,0.266702118475609
27229,388,389,1.26029368476158e-06
27230,389,453,0.364561002665309
27231,389,421,0.226539703889756
27232,389,405,5.3799006406969506e-117
27233,389,397,0.408899293444935
27234,389,391,5.3799006406969506e-117
27235,390,454,0.225278433114263
27236,390,422,0.113968425715284
27237,390,406,0.360686845634042
27238,390,398,0.300066295536411
27239,390,391,0.0
27240,391,455,0.25
27241,391,423,0.25
27242,391,407,0.25
27243,391,399,0.25
27244,392,456,0.151523063954153
27245,392,424,0.073608718086169
27246,392,408,0.255443121302969
27247,392,396,0.255129593919416
27248,392,394,0.264295120503252
27249,392,393,3.82234040505962e-07
27250,393,457,0.234464857231505
27251,393,425,0.263697700255011
27252,393,409,1.7953337218149398e-70
27253,393,397,0.501837442513485
27254,393,395,1.7953337218149398e-70
27255,394,458,0.202375917553816
27256,394,426,0.102897335407903
27257,394,410,0.352037607558602
27258,394,398,0.342689139479679
27259,394,395,0.0
27260,395,459,0.25
27261,395,427,0.25
27262,395,411,0.25
27263,395,399,0.25
27264,396,460,0.201322518126646
27265,396,428,0.0991274085577604
27266,396,412,0.344546708736175
27267,396,398,0.355000241338311
27268,396,397,3.12324110832144e-06
27269,397,461,0.511183639232987
27270,397,429,0.488816360767013
27271,397,413,6.1861799333443195e-71
27272,397,399,6.1861799333443195e-71
27273,398,462,0.315808585333264
27274,398,430,0.171353829323616
27275,398,414,0.512837585343121
27276,398,399,0.0
27277,399,463,0.333333333333333
27278,399,431,0.333333333333333
27279,399,415,0.333333333333333
27280,400,464,0.149864933589309
27281,400,432,0.0914802331093611
27282,400,408,0.22286956521515
27283,400,404,0.25819246391436
27284,400,402,0.277592804171819
27285,400,401,0.0
27286,401,465,0.2
27287,401,433,0.2
27288,401,409,0.2
27289,401,405,0.2
27290,401,403,0.2
27291,402,466,0.213188810582084
27292,402,434,0.152200985681856
27293,402,410,0.292433118443212
27294,402,406,0.342177085292848
27295,402,403,0.0
27296,403,467,0.25
27297,403,435,0.25
27298,403,411,0.25
27299,403,407,0.25
27300,404,468,0.222946834922193
27301,404,436,0.112120426668592
27302,404,412,0.29704478695728
27303,404,406,0.367887951451935
27304,404,405,0.0
27305,405,469,0.25
27306,405,437,0.25
27307,405,413,0.25
27308,405,407,0.25
27309,406,470,0.344862424740483
27310,406,438,0.228492477695066
27311,406,414,0.426645097564451
27312,406,407,0.0
27313,407,471,0.333333333333333
27314,407,439,0.333333333333333
27315,407,415,0.333333333333333
27316,408,472,0.195863923212904
27317,408,440,0.0957753157905277
27318,408,412,0.34412381683151
27319,408,410,0.364236944165058
27320,408,409,0.0
27321,409,473,0.25
27322,409,441,0.25
27323,409,413,0.25
27324,409,411,0.25
27325,410,474,0.30380463377905
27326,410,442,0.196976342342041
27327,410,414,0.499219023878909
27328,410,411,0.0
27329,411,475,0.333333333333333
27330,411,443,0.333333333333333
27331,411,415,0.333333333333333
27332,412,476,0.308401679737777
27333,412,444,0.163201264223098
27334,412,414,0.528397056039125
27335,412,413,0.0
27336,413,477,0.333333333333333
27337,413,445,0.333333333333333
27338,413,415,0.333333333333333
27339,414,478,0.577203644288605
27340,414,446,0.422796355711395
27341,414,415,0.0
27342,415,479,0.5
27343,415,447,0.5
27344,416,480,0.102771506361772
27345,416,432,0.256775023421969
27346,416,424,0.172759822185429
27347,416,420,0.200872377917307
27348,416,418,0.266811554350059
27349,416,417,9.71576346371536e-06
27350,417,481,0.189332939605119
27351,417,433,2.0292433323912798e-69
27352,417,425,0.346823393797406
27353,417,421,0.463843666597475
27354,417,419,2.0292433323912798e-69
27355,418,482,0.120778553396354
27356,418,434,0.368488014572347
27357,418,426,0.23141956111028
27358,418,422,0.279313870921018
27359,418,419,2.62846674199861e-122
27360,419,483,0.25
27361,419,435,0.25
27362,419,427,0.25
27363,419,423,0.25
27364,420,484,0.216042276744272
27365,420,436,0.267463835015514
27366,420,428,0.242335680511786
27367,420,422,0.271695993518765
27368,420,421,0.0024622142096637
27369,421,485,0.382636381117453
27370,421,437,3.2304250851787403e-52
27371,421,429,0.617363618882547
27372,421,423,3.2304250851787403e-52
27373,422,486,0.263300342239974
27374,422,438,0.409069585647067
27375,422,430,0.327630072112959
27376,422,423,3.27966631096474e-54
27377,423,487,0.333333333333333
27378,423,439,0.333333333333333
27379,423,431,0.333333333333333
27380,424,488,0.148790833318032
27381,424,440,0.281035707798189
27382,424,428,0.272053282052583
27383,424,426,0.297478478995269
27384,424,425,0.000641697835927
27385,425,489,0.208922067292918
27386,425,441,1.33343275098963e-69
27387,425,429,0.791077932707082
27388,425,427,1.33343275098963e-69
27389,426,490,0.182670621445573
27390,426,442,0.428287187828257
27391,426,430,0.389042190726169
27392,426,427,3.36908155625153e-72
27393,427,491,0.333333333333333
27394,427,443,0.333333333333333
27395,427,431,0.333333333333333
27396,428,492,0.274851679504221
27397,428,444,0.352619636179615
27398,428,430,0.366172463936784
27399,428,429,0.0063562203793796
27400,429,493,1.0
27401,429,445,1.3461815621665e-52
27402,429,431,1.3461815621665e-52
27403,430,494,0.344198094378164
27404,430,446,0.655801905621836
27405,430,431,2.2673814086448202e-54
27406,431,495,0.5
27407,431,447,0.5
27408,432,496,0.109038731418782
27409,432,440,0.221237337466575
27410,432,436,0.283293209370283
27411,432,434,0.386430721744359
27412,432,433,1.85260679217954e-122
27413,433,497,0.25
27414,433,441,0.25
27415,433,437,0.25
27416,433,435,0.25
27417,434,498,0.206797591121152
27418,434,442,0.346341275899645
27419,434,438,0.446861132979203
27420,434,435,1.0335143827764199e-122
27421,435,499,0.333333333333333
27422,435,443,0.333333333333333
27423,435,439,0.333333333333333
27424,436,500,0.256977473735344
27425,436,444,0.322875865034244
27426,436,438,0.420146661230412
27427,436,437,3.0833003579487003e-54
27428,437,501,0.333333333333333
27429,437,445,0.333333333333333
27430,437,439,0.333333333333333
27431,438,502,0.459100322512533
27432,438,446,0.540899677487467
27433,438,439,1.8998472492992e-54
27434,439,503,0.5
27435,439,447,0.5
27436,440,504,0.13415118447867
27437,440,444,0.401312343029836
27438,440,442,0.464536472491494
27439,440,441,2.74559701522349e-72
27440,441,505,0.333333333333333
27441,441,445,0.333333333333333
27442,441,443,0.333333333333333
27443,442,506,0.30999580425159
27444,442,446,0.69000419574841
27445,442,443,1.63909494075218e-72
27446,443,507,0.5
27447,443,447,0.5
27448,444,508,0.30751273147259
27449,444,446,0.69248726852741
27450,444,445,2.13691219875367e-54
27451,445,509,0.5
27452,445,447,0.5
27453,446,510,1.0
27454,446,447,1.22636684979297e-54
27455,447,511,1.0
27456,448,480,0.0766450235950581
27457,448,464,0.234519609559456
27458,448,456,0.204873326871941
27459,448,452,0.24329731581993
27460,448,450,0.240625903074855
27461,448,449,3.88210787597678e-05
27462,449,481,0.102649170100482
27463,449,465,3.4401092985674e-102
27464,449,457,0.224644352392243
27465,449,453,0.672706477507275
27466,449,451,3.4401092985674e-102
27467,450,482,0.0892953017664101
27468,450,466,0.320993925223565
27469,450,458,0.268346823499772
27470,450,454,0.321363949510254
27471,450,451,1.10030478721132e-105
27472,451,483,0.25
27473,451,467,0.25
27474,451,459,0.25
27475,451,455,0.25
27476,452,484,0.129707097953313
27477,452,468,0.298985885100038
27478,452,460,0.265160265221313
27479,452,454,0.306025513036218
27480,452,453,0.0001212386891183
27481,453,485,0.303773427215532
27482,453,469,9.889090912885909e-103
27483,453,461,0.696226572784468
27484,453,455,9.889090912885909e-103
27485,454,486,0.159161092291266
27486,454,470,0.465602277146196
27487,454,462,0.375236630562537
27488,454,455,4.8931114446701405e-106
27489,455,487,0.333333333333333
27490,455,471,0.333333333333333
27491,455,463,0.333333333333333
27492,456,488,0.0814160324852016
27493,456,472,0.291892501167316
27494,456,460,0.319255019729085
27495,456,458,0.307396846587398
27496,456,457,3.96000309995611e-05
27497,457,489,0.252165853132129
27498,457,473,4.60883231849232e-51
27499,457,461,0.747834146867871
27500,457,459,4.60883231849232e-51
27501,458,490,0.0968574679567111
27502,458,474,0.449841221076
27503,458,462,0.453301310967289
27504,458,459,5.22956512460372e-106
27505,459,491,0.333333333333333
27506,459,475,0.333333333333333
27507,459,463,0.333333333333333
27508,460,492,0.165941756596498
27509,460,476,0.407733527697195
27510,460,462,0.425975524571779
27511,460,461,0.0003491911345281
27512,461,493,1.0
27513,461,477,1.26016139751984e-51
27514,461,463,1.26016139751984e-51
27515,462,494,0.214585785568796
27516,462,478,0.785414214431204
27517,462,463,2.29345764689154e-106
27518,463,495,0.5
27519,463,479,0.5
27520,464,496,0.0800632344796735
27521,464,472,0.263083266878889
27522,464,468,0.32483717279794
27523,464,466,0.332016325843498
27524,464,465,8.38461143650573e-106
27525,465,497,0.25
27526,465,473,0.25
27527,465,469,0.25
27528,465,467,0.25
27529,466,498,0.163439659915614
27530,466,474,0.371985358015304
27531,466,470,0.464574982069082
27532,466,467,5.3926241421835e-106
27533,467,499,0.333333333333333
27534,467,475,0.333333333333333
27535,467,471,0.333333333333333
27536,468,500,0.150689008662744
27537,468,476,0.369480156902229
27538,468,470,0.479830834435027
27539,468,469,3.80334380371045e-106
27540,469,501,0.333333333333333
27541,469,477,0.333333333333333
27542,469,471,0.333333333333333
27543,470,502,0.373481388342562
27544,470,478,0.626518611657438
27545,470,471,2.2703842670301102e-106
27546,471,503,0.5
27547,471,479,0.5
27548,472,504,0.0612976481367942
27549,472,476,0.461028840207974
27550,472,474,0.477673511655232
27551,472,473,3.86171597202538e-106
27552,473,505,0.333333333333333
27553,473,477,0.333333333333333
27554,473,475,0.333333333333333
27555,474,506,0.211087724518547
27556,474,478,0.788912275481453
27557,474,475,2.56664495264095e-106
27558,475,507,0.5
27559,475,479,0.5
27560,476,508,0.173448606782441
27561,476,478,0.826551393217559
27562,476,477,1.75607658106952e-106
27563,477,509,0.5
27564,477,479,0.5
27565,478,510,1.0
27566,478,479,9.83485330212396e-107
27567,479,511,1.0
27568,480,496,0.268468496164092
27569,480,488,0.188204275402741
27570,480,484,0.256164741968244
27571,480,482,0.285278761376606
27572,480,481,0.0018837250883169
27573,481,497,4.26179916016174e-51
27574,481,489,0.334433864964341
27575,481,485,0.665566135035659
27576,481,483,4.26179916016174e-51
27577,482,498,0.369781958812232
27578,482,490,0.262680541475097
27579,482,486,0.367537499712671
27580,482,483,3.51942843942743e-53
27581,483,499,0.333333333333333
27582,483,491,0.333333333333333
27583,483,487,0.333333333333333
27584,484,500,0.356751718427888
27585,484,492,0.268581352215497
27586,484,486,0.369821223726795
27587,484,485,0.0048457056298201
27588,485,501,8.649789238850989e-41
27589,485,493,1.0
27590,485,487,8.649789238850989e-41
27591,486,502,0.599644180495669
27592,486,494,0.400355819504331
27593,486,487,2.34557242803842e-53
27594,487,503,0.5
27595,487,495,0.5
27596,488,504,0.30327715494336
27597,488,492,0.315834548814181
27598,488,490,0.374555451335783
27599,488,489,0.0063328449066764
27600,489,505,4.2177338658431e-29
27601,489,493,1.0
27602,489,491,4.2177338658431e-29
27603,490,506,0.49554363887298
27604,490,494,0.50445636112702
27605,490,491,1.26245466754872e-43
27606,491,507,0.5
27607,491,495,0.5
27608,492,508,0.452448919091472
27609,492,494,0.492513966126907
27610,492,493,0.0550371147816206
27611,493,509,0.5
27612,493,495,0.5
27613,494,510,1.0
27614,494,495,7.910854692579e-34
27615,495,511,1.0
27616,496,504,0.218329261985339
27617,496,500,0.382507815839318
27618,496,498,0.399162922175343
27619,496,497,3.44535712811242e-53
27620,497,505,0.333333333333333
27621,497,501,0.333333333333333
27622,497,499,0.333333333333333
27623,498,506,0.396236811699644
27624,498,502,0.603763188300356
27625,498,499,2.45444868762921e-53
27626,499,507,0.5
27627,499,503,0.5
27628,500,508,0.367319971410345
27629,500,502,0.632680028589654
27630,500,501,2.20505472606716e-53
27631,501,509,0.5
27632,501,503,0.5
27633,502,510,1.0
27634,502,503,1.43760520197256e-53
27635,503,511,1.0
27636,504,508,0.483916353310325
27637,504,506,0.516083646689675
27638,504,505,1.4511958782149298e-30
27639,505,509,0.5
27640,505,507,0.5
27641,506,510,1.0
27642,506,507,1.11684593978331e-30
27643,507,511,1.0
27644,508,510,1.0
27645,508,509,1.12612323709356e-30
27646,509,511,1.0
27647,510,511,1.0
