From,To,Probability
0,256,0.0004340277777777
0,128,0.0004340277777777
0,64,0.332465277777778
0,32,0.0004340277777777
0,16,0.0004340277777777
0,8,0.332465277777778
0,4,0.0004340277777777
0,2,0.0004340277777777
0,1,0.332465277777778
1,257,0.00016318537859
1,129,0.00016318537859
1,65,0.49951044386423
1,33,0.00016318537859
1,17,0.00016318537859
1,9,0.49951044386423
1,5,0.00016318537859
1,3,0.00016318537859
2,258,0.125
2,130,0.125
2,66,0.125
2,34,0.125
2,18,0.125
2,10,0.125
2,6,0.125
2,3,0.125
3,259,0.142857142857143
3,131,0.142857142857143
3,67,0.142857142857143
3,35,0.142857142857143
3,19,0.142857142857143
3,11,0.142857142857143
3,7,0.142857142857143
4,260,0.125
4,132,0.125
4,68,0.125
4,36,0.125
4,20,0.125
4,12,0.125
4,6,0.125
4,5,0.125
5,261,0.142857142857143
5,133,0.142857142857143
5,69,0.142857142857143
5,37,0.142857142857143
5,21,0.142857142857143
5,13,0.142857142857143
5,7,0.142857142857143
6,262,0.142857142857143
6,134,0.142857142857143
6,70,0.142857142857143
6,38,0.142857142857143
6,22,0.142857142857143
6,14,0.142857142857143
6,7,0.142857142857143
7,263,0.166666666666667
7,135,0.166666666666667
7,71,0.166666666666667
7,39,0.166666666666667
7,23,0.166666666666667
7,15,0.166666666666667
8,264,0.00016318537859
8,136,0.00016318537859
8,72,0.49951044386423
8,40,0.00016318537859
8,24,0.00016318537859
8,12,0.00016318537859
8,10,0.00016318537859
8,9,0.49951044386423
9,265,4.66700891398702e-05
9,137,4.66700891398702e-05
9,73,0.999719979465161
9,41,4.66700891398702e-05
9,25,4.66700891398702e-05
9,13,4.66700891398702e-05
9,11,4.66700891398702e-05
10,266,0.142857142857143
10,138,0.142857142857143
10,74,0.142857142857143
10,42,0.142857142857143
10,26,0.142857142857143
10,14,0.142857142857143
10,11,0.142857142857143
11,267,0.166666666666667
11,139,0.166666666666667
11,75,0.166666666666667
11,43,0.166666666666667
11,27,0.166666666666667
11,15,0.166666666666667
12,268,0.142857142857143
12,140,0.142857142857143
12,76,0.142857142857143
12,44,0.142857142857143
12,28,0.142857142857143
12,14,0.142857142857143
12,13,0.142857142857143
13,269,0.166666666666667
13,141,0.166666666666667
13,77,0.166666666666667
13,45,0.166666666666667
13,29,0.166666666666667
13,15,0.166666666666667
14,270,0.166666666666667
14,142,0.166666666666667
14,78,0.166666666666667
14,46,0.166666666666667
14,30,0.166666666666667
14,15,0.166666666666667
15,271,0.2
15,143,0.2
15,79,0.2
15,47,0.2
15,31,0.2
16,272,0.125
16,144,0.125
16,80,0.125
16,48,0.125
16,24,0.125
16,20,0.125
16,18,0.125
16,17,0.125
17,273,0.142857142857143
17,145,0.142857142857143
17,81,0.142857142857143
17,49,0.142857142857143
17,25,0.142857142857143
17,21,0.142857142857143
17,19,0.142857142857143
18,274,0.142857142857143
18,146,0.142857142857143
18,82,0.142857142857143
18,50,0.142857142857143
18,26,0.142857142857143
18,22,0.142857142857143
18,19,0.142857142857143
19,275,0.166666666666667
19,147,0.166666666666667
19,83,0.166666666666667
19,51,0.166666666666667
19,27,0.166666666666667
19,23,0.166666666666667
20,276,0.142857142857143
20,148,0.142857142857143
20,84,0.142857142857143
20,52,0.142857142857143
20,28,0.142857142857143
20,22,0.142857142857143
20,21,0.142857142857143
21,277,0.166666666666667
21,149,0.166666666666667
21,85,0.166666666666667
21,53,0.166666666666667
21,29,0.166666666666667
21,23,0.166666666666667
22,278,0.166666666666667
22,150,0.166666666666667
22,86,0.166666666666667
22,54,0.166666666666667
22,30,0.166666666666667
22,23,0.166666666666667
23,279,0.2
23,151,0.2
23,87,0.2
23,55,0.2
23,31,0.2
24,280,0.142857142857143
24,152,0.142857142857143
24,88,0.142857142857143
24,56,0.142857142857143
24,28,0.142857142857143
24,26,0.142857142857143
24,25,0.142857142857143
25,281,0.166666666666667
25,153,0.166666666666667
25,89,0.166666666666667
25,57,0.166666666666667
25,29,0.166666666666667
25,27,0.166666666666667
26,282,0.166666666666667
26,154,0.166666666666667
26,90,0.166666666666667
26,58,0.166666666666667
26,30,0.166666666666667
26,27,0.166666666666667
27,283,0.2
27,155,0.2
27,91,0.2
27,59,0.2
27,31,0.2
28,284,0.166666666666667
28,156,0.166666666666667
28,92,0.166666666666667
28,60,0.166666666666667
28,30,0.166666666666667
28,29,0.166666666666667
29,285,0.2
29,157,0.2
29,93,0.2
29,61,0.2
29,31,0.2
30,286,0.2
30,158,0.2
30,94,0.2
30,62,0.2
30,31,0.2
31,287,0.25
31,159,0.25
31,95,0.25
31,63,0.25
32,288,0.125
32,160,0.125
32,96,0.125
32,48,0.125
32,40,0.125
32,36,0.125
32,34,0.125
32,33,0.125
33,289,0.142857142857143
33,161,0.142857142857143
33,97,0.142857142857143
33,49,0.142857142857143
33,41,0.142857142857143
33,37,0.142857142857143
33,35,0.142857142857143
34,290,0.142857142857143
34,162,0.142857142857143
34,98,0.142857142857143
34,50,0.142857142857143
34,42,0.142857142857143
34,38,0.142857142857143
34,35,0.142857142857143
35,291,0.166666666666667
35,163,0.166666666666667
35,99,0.166666666666667
35,51,0.166666666666667
35,43,0.166666666666667
35,39,0.166666666666667
36,292,0.142857142857143
36,164,0.142857142857143
36,100,0.142857142857143
36,52,0.142857142857143
36,44,0.142857142857143
36,38,0.142857142857143
36,37,0.142857142857143
37,293,0.166666666666667
37,165,0.166666666666667
37,101,0.166666666666667
37,53,0.166666666666667
37,45,0.166666666666667
37,39,0.166666666666667
38,294,0.166666666666667
38,166,0.166666666666667
38,102,0.166666666666667
38,54,0.166666666666667
38,46,0.166666666666667
38,39,0.166666666666667
39,295,0.2
39,167,0.2
39,103,0.2
39,55,0.2
39,47,0.2
40,296,0.142857142857143
40,168,0.142857142857143
40,104,0.142857142857143
40,56,0.142857142857143
40,44,0.142857142857143
40,42,0.142857142857143
40,41,0.142857142857143
41,297,0.166666666666667
41,169,0.166666666666667
41,105,0.166666666666667
41,57,0.166666666666667
41,45,0.166666666666667
41,43,0.166666666666667
42,298,0.166666666666667
42,170,0.166666666666667
42,106,0.166666666666667
42,58,0.166666666666667
42,46,0.166666666666667
42,43,0.166666666666667
43,299,0.2
43,171,0.2
43,107,0.2
43,59,0.2
43,47,0.2
44,300,0.166666666666667
44,172,0.166666666666667
44,108,0.166666666666667
44,60,0.166666666666667
44,46,0.166666666666667
44,45,0.166666666666667
45,301,0.2
45,173,0.2
45,109,0.2
45,61,0.2
45,47,0.2
46,302,0.2
46,174,0.2
46,110,0.2
46,62,0.2
46,47,0.2
47,303,0.25
47,175,0.25
47,111,0.25
47,63,0.25
48,304,0.142857142857143
48,176,0.142857142857143
48,112,0.142857142857143
48,56,0.142857142857143
48,52,0.142857142857143
48,50,0.142857142857143
48,49,0.142857142857143
49,305,0.166666666666667
49,177,0.166666666666667
49,113,0.166666666666667
49,57,0.166666666666667
49,53,0.166666666666667
49,51,0.166666666666667
50,306,0.166666666666667
50,178,0.166666666666667
50,114,0.166666666666667
50,58,0.166666666666667
50,54,0.166666666666667
50,51,0.166666666666667
51,307,0.2
51,179,0.2
51,115,0.2
51,59,0.2
51,55,0.2
52,308,0.166666666666667
52,180,0.166666666666667
52,116,0.166666666666667
52,60,0.166666666666667
52,54,0.166666666666667
52,53,0.166666666666667
53,309,0.2
53,181,0.2
53,117,0.2
53,61,0.2
53,55,0.2
54,310,0.2
54,182,0.2
54,118,0.2
54,62,0.2
54,55,0.2
55,311,0.25
55,183,0.25
55,119,0.25
55,63,0.25
56,312,0.166666666666667
56,184,0.166666666666667
56,120,0.166666666666667
56,60,0.166666666666667
56,58,0.166666666666667
56,57,0.166666666666667
57,313,0.2
57,185,0.2
57,121,0.2
57,61,0.2
57,59,0.2
58,314,0.2
58,186,0.2
58,122,0.2
58,62,0.2
58,59,0.2
59,315,0.25
59,187,0.25
59,123,0.25
59,63,0.25
60,316,0.2
60,188,0.2
60,124,0.2
60,62,0.2
60,61,0.2
61,317,0.25
61,189,0.25
61,125,0.25
61,63,0.25
62,318,0.25
62,190,0.25
62,126,0.25
62,63,0.25
63,319,0.333333333333333
63,191,0.333333333333333
63,127,0.333333333333333
64,320,0.00016318537859
64,192,0.00016318537859
64,96,0.00016318537859
64,80,0.00016318537859
64,72,0.49951044386423
64,68,0.00016318537859
64,66,0.00016318537859
64,65,0.49951044386423
65,321,4.66700891398702e-05
65,193,4.66700891398702e-05
65,97,4.66700891398702e-05
65,81,4.66700891398702e-05
65,73,0.999719979465161
65,69,4.66700891398702e-05
65,67,4.66700891398702e-05
66,322,0.142857142857143
66,194,0.142857142857143
66,98,0.142857142857143
66,82,0.142857142857143
66,74,0.142857142857143
66,70,0.142857142857143
66,67,0.142857142857143
67,323,0.166666666666667
67,195,0.166666666666667
67,99,0.166666666666667
67,83,0.166666666666667
67,75,0.166666666666667
67,71,0.166666666666667
68,324,0.142857142857143
68,196,0.142857142857143
68,100,0.142857142857143
68,84,0.142857142857143
68,76,0.142857142857143
68,70,0.142857142857143
68,69,0.142857142857143
69,325,0.166666666666667
69,197,0.166666666666667
69,101,0.166666666666667
69,85,0.166666666666667
69,77,0.166666666666667
69,71,0.166666666666667
70,326,0.166666666666667
70,198,0.166666666666667
70,102,0.166666666666667
70,86,0.166666666666667
70,78,0.166666666666667
70,71,0.166666666666667
71,327,0.2
71,199,0.2
71,103,0.2
71,87,0.2
71,79,0.2
72,328,4.66700891398702e-05
72,200,4.66700891398702e-05
72,104,4.66700891398702e-05
72,88,4.66700891398702e-05
72,76,4.66700891398702e-05
72,74,4.66700891398702e-05
72,73,0.999719979465161
73,329,0.166666666666667
73,201,0.166666666666667
73,105,0.166666666666667
73,89,0.166666666666667
73,77,0.166666666666667
73,75,0.166666666666667
74,330,0.166666666666667
74,202,0.166666666666667
74,106,0.166666666666667
74,90,0.166666666666667
74,78,0.166666666666667
74,75,0.166666666666667
75,331,0.2
75,203,0.2
75,107,0.2
75,91,0.2
75,79,0.2
76,332,0.166666666666667
76,204,0.166666666666667
76,108,0.166666666666667
76,92,0.166666666666667
76,78,0.166666666666667
76,77,0.166666666666667
77,333,0.2
77,205,0.2
77,109,0.2
77,93,0.2
77,79,0.2
78,334,0.2
78,206,0.2
78,110,0.2
78,94,0.2
78,79,0.2
79,335,0.25
79,207,0.25
79,111,0.25
79,95,0.25
80,336,0.142857142857143
80,208,0.142857142857143
80,112,0.142857142857143
80,88,0.142857142857143
80,84,0.142857142857143
80,82,0.142857142857143
80,81,0.142857142857143
81,337,0.166666666666667
81,209,0.166666666666667
81,113,0.166666666666667
81,89,0.166666666666667
81,85,0.166666666666667
81,83,0.166666666666667
82,338,0.166666666666667
82,210,0.166666666666667
82,114,0.166666666666667
82,90,0.166666666666667
82,86,0.166666666666667
82,83,0.166666666666667
83,339,0.2
83,211,0.2
83,115,0.2
83,91,0.2
83,87,0.2
84,340,0.166666666666667
84,212,0.166666666666667
84,116,0.166666666666667
84,92,0.166666666666667
84,86,0.166666666666667
84,85,0.166666666666667
85,341,0.2
85,213,0.2
85,117,0.2
85,93,0.2
85,87,0.2
86,342,0.2
86,214,0.2
86,118,0.2
86,94,0.2
86,87,0.2
87,343,0.25
87,215,0.25
87,119,0.25
87,95,0.25
88,344,0.166666666666667
88,216,0.166666666666667
88,120,0.166666666666667
88,92,0.166666666666667
88,90,0.166666666666667
88,89,0.166666666666667
89,345,0.2
89,217,0.2
89,121,0.2
89,93,0.2
89,91,0.2
90,346,0.2
90,218,0.2
90,122,0.2
90,94,0.2
90,91,0.2
91,347,0.25
91,219,0.25
91,123,0.25
91,95,0.25
92,348,0.2
92,220,0.2
92,124,0.2
92,94,0.2
92,93,0.2
93,349,0.25
93,221,0.25
93,125,0.25
93,95,0.25
94,350,0.25
94,222,0.25
94,126,0.25
94,95,0.25
95,351,0.333333333333333
95,223,0.333333333333333
95,127,0.333333333333333
96,352,0.142857142857143
96,224,0.142857142857143
96,112,0.142857142857143
96,104,0.142857142857143
96,100,0.142857142857143
96,98,0.142857142857143
96,97,0.142857142857143
97,353,0.166666666666667
97,225,0.166666666666667
97,113,0.166666666666667
97,105,0.166666666666667
97,101,0.166666666666667
97,99,0.166666666666667
98,354,0.166666666666667
98,226,0.166666666666667
98,114,0.166666666666667
98,106,0.166666666666667
98,102,0.166666666666667
98,99,0.166666666666667
99,355,0.2
99,227,0.2
99,115,0.2
99,107,0.2
99,103,0.2
100,356,0.166666666666667
100,228,0.166666666666667
100,116,0.166666666666667
100,108,0.166666666666667
100,102,0.166666666666667
100,101,0.166666666666667
101,357,0.2
101,229,0.2
101,117,0.2
101,109,0.2
101,103,0.2
102,358,0.2
102,230,0.2
102,118,0.2
102,110,0.2
102,103,0.2
103,359,0.25
103,231,0.25
103,119,0.25
103,111,0.25
104,360,0.166666666666667
104,232,0.166666666666667
104,120,0.166666666666667
104,108,0.166666666666667
104,106,0.166666666666667
104,105,0.166666666666667
105,361,0.2
105,233,0.2
105,121,0.2
105,109,0.2
105,107,0.2
106,362,0.2
106,234,0.2
106,122,0.2
106,110,0.2
106,107,0.2
107,363,0.25
107,235,0.25
107,123,0.25
107,111,0.25
108,364,0.2
108,236,0.2
108,124,0.2
108,110,0.2
108,109,0.2
109,365,0.25
109,237,0.25
109,125,0.25
109,111,0.25
110,366,0.25
110,238,0.25
110,126,0.25
110,111,0.25
111,367,0.333333333333333
111,239,0.333333333333333
111,127,0.333333333333333
112,368,0.166666666666667
112,240,0.166666666666667
112,120,0.166666666666667
112,116,0.166666666666667
112,114,0.166666666666667
112,113,0.166666666666667
113,369,0.2
113,241,0.2
113,121,0.2
113,117,0.2
113,115,0.2
114,370,0.2
114,242,0.2
114,122,0.2
114,118,0.2
114,115,0.2
115,371,0.25
115,243,0.25
115,123,0.25
115,119,0.25
116,372,0.2
116,244,0.2
116,124,0.2
116,118,0.2
116,117,0.2
117,373,0.25
117,245,0.25
117,125,0.25
117,119,0.25
118,374,0.25
118,246,0.25
118,126,0.25
118,119,0.25
119,375,0.333333333333333
119,247,0.333333333333333
119,127,0.333333333333333
120,376,0.2
120,248,0.2
120,124,0.2
120,122,0.2
120,121,0.2
121,377,0.25
121,249,0.25
121,125,0.25
121,123,0.25
122,378,0.25
122,250,0.25
122,126,0.25
122,123,0.25
123,379,0.333333333333333
123,251,0.333333333333333
123,127,0.333333333333333
124,380,0.25
124,252,0.25
124,126,0.25
124,125,0.25
125,381,0.333333333333333
125,253,0.333333333333333
125,127,0.333333333333333
126,382,0.333333333333333
126,254,0.333333333333333
126,127,0.333333333333333
127,383,0.5
127,255,0.5
128,384,0.125
128,192,0.125
128,160,0.125
128,144,0.125
128,136,0.125
128,132,0.125
128,130,0.125
128,129,0.125
129,385,0.142857142857143
129,193,0.142857142857143
129,161,0.142857142857143
129,145,0.142857142857143
129,137,0.142857142857143
129,133,0.142857142857143
129,131,0.142857142857143
130,386,0.142857142857143
130,194,0.142857142857143
130,162,0.142857142857143
130,146,0.142857142857143
130,138,0.142857142857143
130,134,0.142857142857143
130,131,0.142857142857143
131,387,0.166666666666667
131,195,0.166666666666667
131,163,0.166666666666667
131,147,0.166666666666667
131,139,0.166666666666667
131,135,0.166666666666667
132,388,0.142857142857143
132,196,0.142857142857143
132,164,0.142857142857143
132,148,0.142857142857143
132,140,0.142857142857143
132,134,0.142857142857143
132,133,0.142857142857143
133,389,0.166666666666667
133,197,0.166666666666667
133,165,0.166666666666667
133,149,0.166666666666667
133,141,0.166666666666667
133,135,0.166666666666667
134,390,0.166666666666667
134,198,0.166666666666667
134,166,0.166666666666667
134,150,0.166666666666667
134,142,0.166666666666667
134,135,0.166666666666667
135,391,0.2
135,199,0.2
135,167,0.2
135,151,0.2
135,143,0.2
136,392,0.142857142857143
136,200,0.142857142857143
136,168,0.142857142857143
136,152,0.142857142857143
136,140,0.142857142857143
136,138,0.142857142857143
136,137,0.142857142857143
137,393,0.166666666666667
137,201,0.166666666666667
137,169,0.166666666666667
137,153,0.166666666666667
137,141,0.166666666666667
137,139,0.166666666666667
138,394,0.166666666666667
138,202,0.166666666666667
138,170,0.166666666666667
138,154,0.166666666666667
138,142,0.166666666666667
138,139,0.166666666666667
139,395,0.2
139,203,0.2
139,171,0.2
139,155,0.2
139,143,0.2
140,396,0.166666666666667
140,204,0.166666666666667
140,172,0.166666666666667
140,156,0.166666666666667
140,142,0.166666666666667
140,141,0.166666666666667
141,397,0.2
141,205,0.2
141,173,0.2
141,157,0.2
141,143,0.2
142,398,0.2
142,206,0.2
142,174,0.2
142,158,0.2
142,143,0.2
143,399,0.25
143,207,0.25
143,175,0.25
143,159,0.25
144,400,0.142857142857143
144,208,0.142857142857143
144,176,0.142857142857143
144,152,0.142857142857143
144,148,0.142857142857143
144,146,0.142857142857143
144,145,0.142857142857143
145,401,0.166666666666667
145,209,0.166666666666667
145,177,0.166666666666667
145,153,0.166666666666667
145,149,0.166666666666667
145,147,0.166666666666667
146,402,0.166666666666667
146,210,0.166666666666667
146,178,0.166666666666667
146,154,0.166666666666667
146,150,0.166666666666667
146,147,0.166666666666667
147,403,0.2
147,211,0.2
147,179,0.2
147,155,0.2
147,151,0.2
148,404,0.166666666666667
148,212,0.166666666666667
148,180,0.166666666666667
148,156,0.166666666666667
148,150,0.166666666666667
148,149,0.166666666666667
149,405,0.2
149,213,0.2
149,181,0.2
149,157,0.2
149,151,0.2
150,406,0.2
150,214,0.2
150,182,0.2
150,158,0.2
150,151,0.2
151,407,0.25
151,215,0.25
151,183,0.25
151,159,0.25
152,408,0.166666666666667
152,216,0.166666666666667
152,184,0.166666666666667
152,156,0.166666666666667
152,154,0.166666666666667
152,153,0.166666666666667
153,409,0.2
153,217,0.2
153,185,0.2
153,157,0.2
153,155,0.2
154,410,0.2
154,218,0.2
154,186,0.2
154,158,0.2
154,155,0.2
155,411,0.25
155,219,0.25
155,187,0.25
155,159,0.25
156,412,0.2
156,220,0.2
156,188,0.2
156,158,0.2
156,157,0.2
157,413,0.25
157,221,0.25
157,189,0.25
157,159,0.25
158,414,0.25
158,222,0.25
158,190,0.25
158,159,0.25
159,415,0.333333333333333
159,223,0.333333333333333
159,191,0.333333333333333
160,416,0.142857142857143
160,224,0.142857142857143
160,176,0.142857142857143
160,168,0.142857142857143
160,164,0.142857142857143
160,162,0.142857142857143
160,161,0.142857142857143
161,417,0.166666666666667
161,225,0.166666666666667
161,177,0.166666666666667
161,169,0.166666666666667
161,165,0.166666666666667
161,163,0.166666666666667
162,418,0.166666666666667
162,226,0.166666666666667
162,178,0.166666666666667
162,170,0.166666666666667
162,166,0.166666666666667
162,163,0.166666666666667
163,419,0.2
163,227,0.2
163,179,0.2
163,171,0.2
163,167,0.2
164,420,0.166666666666667
164,228,0.166666666666667
164,180,0.166666666666667
164,172,0.166666666666667
164,166,0.166666666666667
164,165,0.166666666666667
165,421,0.2
165,229,0.2
165,181,0.2
165,173,0.2
165,167,0.2
166,422,0.2
166,230,0.2
166,182,0.2
166,174,0.2
166,167,0.2
167,423,0.25
167,231,0.25
167,183,0.25
167,175,0.25
168,424,0.166666666666667
168,232,0.166666666666667
168,184,0.166666666666667
168,172,0.166666666666667
168,170,0.166666666666667
168,169,0.166666666666667
169,425,0.2
169,233,0.2
169,185,0.2
169,173,0.2
169,171,0.2
170,426,0.2
170,234,0.2
170,186,0.2
170,174,0.2
170,171,0.2
171,427,0.25
171,235,0.25
171,187,0.25
171,175,0.25
172,428,0.2
172,236,0.2
172,188,0.2
172,174,0.2
172,173,0.2
173,429,0.25
173,237,0.25
173,189,0.25
173,175,0.25
174,430,0.25
174,238,0.25
174,190,0.25
174,175,0.25
175,431,0.333333333333333
175,239,0.333333333333333
175,191,0.333333333333333
176,432,0.166666666666667
176,240,0.166666666666667
176,184,0.166666666666667
176,180,0.166666666666667
176,178,0.166666666666667
176,177,0.166666666666667
177,433,0.2
177,241,0.2
177,185,0.2
177,181,0.2
177,179,0.2
178,434,0.2
178,242,0.2
178,186,0.2
178,182,0.2
178,179,0.2
179,435,0.25
179,243,0.25
179,187,0.25
179,183,0.25
180,436,0.2
180,244,0.2
180,188,0.2
180,182,0.2
180,181,0.2
181,437,0.25
181,245,0.25
181,189,0.25
181,183,0.25
182,438,0.25
182,246,0.25
182,190,0.25
182,183,0.25
183,439,0.333333333333333
183,247,0.333333333333333
183,191,0.333333333333333
184,440,0.2
184,248,0.2
184,188,0.2
184,186,0.2
184,185,0.2
185,441,0.25
185,249,0.25
185,189,0.25
185,187,0.25
186,442,0.25
186,250,0.25
186,190,0.25
186,187,0.25
187,443,0.333333333333333
187,251,0.333333333333333
187,191,0.333333333333333
188,444,0.25
188,252,0.25
188,190,0.25
188,189,0.25
189,445,0.333333333333333
189,253,0.333333333333333
189,191,0.333333333333333
190,446,0.333333333333333
190,254,0.333333333333333
190,191,0.333333333333333
191,447,0.5
191,255,0.5
192,448,0.142857142857143
192,224,0.142857142857143
192,208,0.142857142857143
192,200,0.142857142857143
192,196,0.142857142857143
192,194,0.142857142857143
192,193,0.142857142857143
193,449,0.166666666666667
193,225,0.166666666666667
193,209,0.166666666666667
193,201,0.166666666666667
193,197,0.166666666666667
193,195,0.166666666666667
194,450,0.166666666666667
194,226,0.166666666666667
194,210,0.166666666666667
194,202,0.166666666666667
194,198,0.166666666666667
194,195,0.166666666666667
195,451,0.2
195,227,0.2
195,211,0.2
195,203,0.2
195,199,0.2
196,452,0.166666666666667
196,228,0.166666666666667
196,212,0.166666666666667
196,204,0.166666666666667
196,198,0.166666666666667
196,197,0.166666666666667
197,453,0.2
197,229,0.2
197,213,0.2
197,205,0.2
197,199,0.2
198,454,0.2
198,230,0.2
198,214,0.2
198,206,0.2
198,199,0.2
199,455,0.25
199,231,0.25
199,215,0.25
199,207,0.25
200,456,0.166666666666667
200,232,0.166666666666667
200,216,0.166666666666667
200,204,0.166666666666667
200,202,0.166666666666667
200,201,0.166666666666667
201,457,0.2
201,233,0.2
201,217,0.2
201,205,0.2
201,203,0.2
202,458,0.2
202,234,0.2
202,218,0.2
202,206,0.2
202,203,0.2
203,459,0.25
203,235,0.25
203,219,0.25
203,207,0.25
204,460,0.2
204,236,0.2
204,220,0.2
204,206,0.2
204,205,0.2
205,461,0.25
205,237,0.25
205,221,0.25
205,207,0.25
206,462,0.25
206,238,0.25
206,222,0.25
206,207,0.25
207,463,0.333333333333333
207,239,0.333333333333333
207,223,0.333333333333333
208,464,0.166666666666667
208,240,0.166666666666667
208,216,0.166666666666667
208,212,0.166666666666667
208,210,0.166666666666667
208,209,0.166666666666667
209,465,0.2
209,241,0.2
209,217,0.2
209,213,0.2
209,211,0.2
210,466,0.2
210,242,0.2
210,218,0.2
210,214,0.2
210,211,0.2
211,467,0.25
211,243,0.25
211,219,0.25
211,215,0.25
212,468,0.2
212,244,0.2
212,220,0.2
212,214,0.2
212,213,0.2
213,469,0.25
213,245,0.25
213,221,0.25
213,215,0.25
214,470,0.25
214,246,0.25
214,222,0.25
214,215,0.25
215,471,0.333333333333333
215,247,0.333333333333333
215,223,0.333333333333333
216,472,0.2
216,248,0.2
216,220,0.2
216,218,0.2
216,217,0.2
217,473,0.25
217,249,0.25
217,221,0.25
217,219,0.25
218,474,0.25
218,250,0.25
218,222,0.25
218,219,0.25
219,475,0.333333333333333
219,251,0.333333333333333
219,223,0.333333333333333
220,476,0.25
220,252,0.25
220,222,0.25
220,221,0.25
221,477,0.333333333333333
221,253,0.333333333333333
221,223,0.333333333333333
222,478,0.333333333333333
222,254,0.333333333333333
222,223,0.333333333333333
223,479,0.5
223,255,0.5
224,480,0.166666666666667
224,240,0.166666666666667
224,232,0.166666666666667
224,228,0.166666666666667
224,226,0.166666666666667
224,225,0.166666666666667
225,481,0.2
225,241,0.2
225,233,0.2
225,229,0.2
225,227,0.2
226,482,0.2
226,242,0.2
226,234,0.2
226,230,0.2
226,227,0.2
227,483,0.25
227,243,0.25
227,235,0.25
227,231,0.25
228,484,0.2
228,244,0.2
228,236,0.2
228,230,0.2
228,229,0.2
229,485,0.25
229,245,0.25
229,237,0.25
229,231,0.25
230,486,0.25
230,246,0.25
230,238,0.25
230,231,0.25
231,487,0.333333333333333
231,247,0.333333333333333
231,239,0.333333333333333
232,488,0.2
232,248,0.2
232,236,0.2
232,234,0.2
232,233,0.2
233,489,0.25
233,249,0.25
233,237,0.25
233,235,0.25
234,490,0.25
234,250,0.25
234,238,0.25
234,235,0.25
235,491,0.333333333333333
235,251,0.333333333333333
235,239,0.333333333333333
236,492,0.25
236,252,0.25
236,238,0.25
236,237,0.25
237,493,0.333333333333333
237,253,0.333333333333333
237,239,0.333333333333333
238,494,0.333333333333333
238,254,0.333333333333333
238,239,0.333333333333333
239,495,0.5
239,255,0.5
240,496,0.2
240,248,0.2
240,244,0.2
240,242,0.2
240,241,0.2
241,497,0.25
241,249,0.25
241,245,0.25
241,243,0.25
242,498,0.25
242,250,0.25
242,246,0.25
242,243,0.25
243,499,0.333333333333333
243,251,0.333333333333333
243,247,0.333333333333333
244,500,0.25
244,252,0.25
244,246,0.25
244,245,0.25
245,501,0.333333333333333
245,253,0.333333333333333
245,247,0.333333333333333
246,502,0.333333333333333
246,254,0.333333333333333
246,247,0.333333333333333
247,503,0.5
247,255,0.5
248,504,0.25
248,252,0.25
248,250,0.25
248,249,0.25
249,505,0.333333333333333
249,253,0.333333333333333
249,251,0.333333333333333
250,506,0.333333333333333
250,254,0.333333333333333
250,251,0.333333333333333
251,507,0.5
251,255,0.5
252,508,0.333333333333333
252,254,0.333333333333333
252,253,0.333333333333333
253,509,0.5
253,255,0.5
254,510,0.5
254,255,0.5
255,511,1.0
256,384,0.125
256,320,0.125
256,288,0.125
256,272,0.125
256,264,0.125
256,260,0.125
256,258,0.125
256,257,0.125
257,385,0.142857142857143
257,321,0.142857142857143
257,289,0.142857142857143
257,273,0.142857142857143
257,265,0.142857142857143
257,261,0.142857142857143
257,259,0.142857142857143
258,386,0.142857142857143
258,322,0.142857142857143
258,290,0.142857142857143
258,274,0.142857142857143
258,266,0.142857142857143
258,262,0.142857142857143
258,259,0.142857142857143
259,387,0.166666666666667
259,323,0.166666666666667
259,291,0.166666666666667
259,275,0.166666666666667
259,267,0.166666666666667
259,263,0.166666666666667
260,388,0.142857142857143
260,324,0.142857142857143
260,292,0.142857142857143
260,276,0.142857142857143
260,268,0.142857142857143
260,262,0.142857142857143
260,261,0.142857142857143
261,389,0.166666666666667
261,325,0.166666666666667
261,293,0.166666666666667
261,277,0.166666666666667
261,269,0.166666666666667
261,263,0.166666666666667
262,390,0.166666666666667
262,326,0.166666666666667
262,294,0.166666666666667
262,278,0.166666666666667
262,270,0.166666666666667
262,263,0.166666666666667
263,391,0.2
263,327,0.2
263,295,0.2
263,279,0.2
263,271,0.2
264,392,0.142857142857143
264,328,0.142857142857143
264,296,0.142857142857143
264,280,0.142857142857143
264,268,0.142857142857143
264,266,0.142857142857143
264,265,0.142857142857143
265,393,0.166666666666667
265,329,0.166666666666667
265,297,0.166666666666667
265,281,0.166666666666667
265,269,0.166666666666667
265,267,0.166666666666667
266,394,0.166666666666667
266,330,0.166666666666667
266,298,0.166666666666667
266,282,0.166666666666667
266,270,0.166666666666667
266,267,0.166666666666667
267,395,0.2
267,331,0.2
267,299,0.2
267,283,0.2
267,271,0.2
268,396,0.166666666666667
268,332,0.166666666666667
268,300,0.166666666666667
268,284,0.166666666666667
268,270,0.166666666666667
268,269,0.166666666666667
269,397,0.2
269,333,0.2
269,301,0.2
269,285,0.2
269,271,0.2
270,398,0.2
270,334,0.2
270,302,0.2
270,286,0.2
270,271,0.2
271,399,0.25
271,335,0.25
271,303,0.25
271,287,0.25
272,400,0.142857142857143
272,336,0.142857142857143
272,304,0.142857142857143
272,280,0.142857142857143
272,276,0.142857142857143
272,274,0.142857142857143
272,273,0.142857142857143
273,401,0.166666666666667
273,337,0.166666666666667
273,305,0.166666666666667
273,281,0.166666666666667
273,277,0.166666666666667
273,275,0.166666666666667
274,402,0.166666666666667
274,338,0.166666666666667
274,306,0.166666666666667
274,282,0.166666666666667
274,278,0.166666666666667
274,275,0.166666666666667
275,403,0.2
275,339,0.2
275,307,0.2
275,283,0.2
275,279,0.2
276,404,0.166666666666667
276,340,0.166666666666667
276,308,0.166666666666667
276,284,0.166666666666667
276,278,0.166666666666667
276,277,0.166666666666667
277,405,0.2
277,341,0.2
277,309,0.2
277,285,0.2
277,279,0.2
278,406,0.2
278,342,0.2
278,310,0.2
278,286,0.2
278,279,0.2
279,407,0.25
279,343,0.25
279,311,0.25
279,287,0.25
280,408,0.166666666666667
280,344,0.166666666666667
280,312,0.166666666666667
280,284,0.166666666666667
280,282,0.166666666666667
280,281,0.166666666666667
281,409,0.2
281,345,0.2
281,313,0.2
281,285,0.2
281,283,0.2
282,410,0.2
282,346,0.2
282,314,0.2
282,286,0.2
282,283,0.2
283,411,0.25
283,347,0.25
283,315,0.25
283,287,0.25
284,412,0.2
284,348,0.2
284,316,0.2
284,286,0.2
284,285,0.2
285,413,0.25
285,349,0.25
285,317,0.25
285,287,0.25
286,414,0.25
286,350,0.25
286,318,0.25
286,287,0.25
287,415,0.333333333333333
287,351,0.333333333333333
287,319,0.333333333333333
288,416,0.142857142857143
288,352,0.142857142857143
288,304,0.142857142857143
288,296,0.142857142857143
288,292,0.142857142857143
288,290,0.142857142857143
288,289,0.142857142857143
289,417,0.166666666666667
289,353,0.166666666666667
289,305,0.166666666666667
289,297,0.166666666666667
289,293,0.166666666666667
289,291,0.166666666666667
290,418,0.166666666666667
290,354,0.166666666666667
290,306,0.166666666666667
290,298,0.166666666666667
290,294,0.166666666666667
290,291,0.166666666666667
291,419,0.2
291,355,0.2
291,307,0.2
291,299,0.2
291,295,0.2
292,420,0.166666666666667
292,356,0.166666666666667
292,308,0.166666666666667
292,300,0.166666666666667
292,294,0.166666666666667
292,293,0.166666666666667
293,421,0.2
293,357,0.2
293,309,0.2
293,301,0.2
293,295,0.2
294,422,0.2
294,358,0.2
294,310,0.2
294,302,0.2
294,295,0.2
295,423,0.25
295,359,0.25
295,311,0.25
295,303,0.25
296,424,0.166666666666667
296,360,0.166666666666667
296,312,0.166666666666667
296,300,0.166666666666667
296,298,0.166666666666667
296,297,0.166666666666667
297,425,0.2
297,361,0.2
297,313,0.2
297,301,0.2
297,299,0.2
298,426,0.2
298,362,0.2
298,314,0.2
298,302,0.2
298,299,0.2
299,427,0.25
299,363,0.25
299,315,0.25
299,303,0.25
300,428,0.2
300,364,0.2
300,316,0.2
300,302,0.2
300,301,0.2
301,429,0.25
301,365,0.25
301,317,0.25
301,303,0.25
302,430,0.25
302,366,0.25
302,318,0.25
302,303,0.25
303,431,0.333333333333333
303,367,0.333333333333333
303,319,0.333333333333333
304,432,0.166666666666667
304,368,0.166666666666667
304,312,0.166666666666667
304,308,0.166666666666667
304,306,0.166666666666667
304,305,0.166666666666667
305,433,0.2
305,369,0.2
305,313,0.2
305,309,0.2
305,307,0.2
306,434,0.2
306,370,0.2
306,314,0.2
306,310,0.2
306,307,0.2
307,435,0.25
307,371,0.25
307,315,0.25
307,311,0.25
308,436,0.2
308,372,0.2
308,316,0.2
308,310,0.2
308,309,0.2
309,437,0.25
309,373,0.25
309,317,0.25
309,311,0.25
310,438,0.25
310,374,0.25
310,318,0.25
310,311,0.25
311,439,0.333333333333333
311,375,0.333333333333333
311,319,0.333333333333333
312,440,0.2
312,376,0.2
312,316,0.2
312,314,0.2
312,313,0.2
313,441,0.25
313,377,0.25
313,317,0.25
313,315,0.25
314,442,0.25
314,378,0.25
314,318,0.25
314,315,0.25
315,443,0.333333333333333
315,379,0.333333333333333
315,319,0.333333333333333
316,444,0.25
316,380,0.25
316,318,0.25
316,317,0.25
317,445,0.333333333333333
317,381,0.333333333333333
317,319,0.333333333333333
318,446,0.333333333333333
318,382,0.333333333333333
318,319,0.333333333333333
319,447,0.5
319,383,0.5
320,448,0.142857142857143
320,352,0.142857142857143
320,336,0.142857142857143
320,328,0.142857142857143
320,324,0.142857142857143
320,322,0.142857142857143
320,321,0.142857142857143
321,449,0.166666666666667
321,353,0.166666666666667
321,337,0.166666666666667
321,329,0.166666666666667
321,325,0.166666666666667
321,323,0.166666666666667
322,450,0.166666666666667
322,354,0.166666666666667
322,338,0.166666666666667
322,330,0.166666666666667
322,326,0.166666666666667
322,323,0.166666666666667
323,451,0.2
323,355,0.2
323,339,0.2
323,331,0.2
323,327,0.2
324,452,0.166666666666667
324,356,0.166666666666667
324,340,0.166666666666667
324,332,0.166666666666667
324,326,0.166666666666667
324,325,0.166666666666667
325,453,0.2
325,357,0.2
325,341,0.2
325,333,0.2
325,327,0.2
326,454,0.2
326,358,0.2
326,342,0.2
326,334,0.2
326,327,0.2
327,455,0.25
327,359,0.25
327,343,0.25
327,335,0.25
328,456,0.166666666666667
328,360,0.166666666666667
328,344,0.166666666666667
328,332,0.166666666666667
328,330,0.166666666666667
328,329,0.166666666666667
329,457,0.2
329,361,0.2
329,345,0.2
329,333,0.2
329,331,0.2
330,458,0.2
330,362,0.2
330,346,0.2
330,334,0.2
330,331,0.2
331,459,0.25
331,363,0.25
331,347,0.25
331,335,0.25
332,460,0.2
332,364,0.2
332,348,0.2
332,334,0.2
332,333,0.2
333,461,0.25
333,365,0.25
333,349,0.25
333,335,0.25
334,462,0.25
334,366,0.25
334,350,0.25
334,335,0.25
335,463,0.333333333333333
335,367,0.333333333333333
335,351,0.333333333333333
336,464,0.166666666666667
336,368,0.166666666666667
336,344,0.166666666666667
336,340,0.166666666666667
336,338,0.166666666666667
336,337,0.166666666666667
337,465,0.2
337,369,0.2
337,345,0.2
337,341,0.2
337,339,0.2
338,466,0.2
338,370,0.2
338,346,0.2
338,342,0.2
338,339,0.2
339,467,0.25
339,371,0.25
339,347,0.25
339,343,0.25
340,468,0.2
340,372,0.2
340,348,0.2
340,342,0.2
340,341,0.2
341,469,0.25
341,373,0.25
341,349,0.25
341,343,0.25
342,470,0.25
342,374,0.25
342,350,0.25
342,343,0.25
343,471,0.333333333333333
343,375,0.333333333333333
343,351,0.333333333333333
344,472,0.2
344,376,0.2
344,348,0.2
344,346,0.2
344,345,0.2
345,473,0.25
345,377,0.25
345,349,0.25
345,347,0.25
346,474,0.25
346,378,0.25
346,350,0.25
346,347,0.25
347,475,0.333333333333333
347,379,0.333333333333333
347,351,0.333333333333333
348,476,0.25
348,380,0.25
348,350,0.25
348,349,0.25
349,477,0.333333333333333
349,381,0.333333333333333
349,351,0.333333333333333
350,478,0.333333333333333
350,382,0.333333333333333
350,351,0.333333333333333
351,479,0.5
351,383,0.5
352,480,0.166666666666667
352,368,0.166666666666667
352,360,0.166666666666667
352,356,0.166666666666667
352,354,0.166666666666667
352,353,0.166666666666667
353,481,0.2
353,369,0.2
353,361,0.2
353,357,0.2
353,355,0.2
354,482,0.2
354,370,0.2
354,362,0.2
354,358,0.2
354,355,0.2
355,483,0.25
355,371,0.25
355,363,0.25
355,359,0.25
356,484,0.2
356,372,0.2
356,364,0.2
356,358,0.2
356,357,0.2
357,485,0.25
357,373,0.25
357,365,0.25
357,359,0.25
358,486,0.25
358,374,0.25
358,366,0.25
358,359,0.25
359,487,0.333333333333333
359,375,0.333333333333333
359,367,0.333333333333333
360,488,0.2
360,376,0.2
360,364,0.2
360,362,0.2
360,361,0.2
361,489,0.25
361,377,0.25
361,365,0.25
361,363,0.25
362,490,0.25
362,378,0.25
362,366,0.25
362,363,0.25
363,491,0.333333333333333
363,379,0.333333333333333
363,367,0.333333333333333
364,492,0.25
364,380,0.25
364,366,0.25
364,365,0.25
365,493,0.333333333333333
365,381,0.333333333333333
365,367,0.333333333333333
366,494,0.333333333333333
366,382,0.333333333333333
366,367,0.333333333333333
367,495,0.5
367,383,0.5
368,496,0.2
368,376,0.2
368,372,0.2
368,370,0.2
368,369,0.2
369,497,0.25
369,377,0.25
369,373,0.25
369,371,0.25
370,498,0.25
370,378,0.25
370,374,0.25
370,371,0.25
371,499,0.333333333333333
371,379,0.333333333333333
371,375,0.333333333333333
372,500,0.25
372,380,0.25
372,374,0.25
372,373,0.25
373,501,0.333333333333333
373,381,0.333333333333333
373,375,0.333333333333333
374,502,0.333333333333333
374,382,0.333333333333333
374,375,0.333333333333333
375,503,0.5
375,383,0.5
376,504,0.25
376,380,0.25
376,378,0.25
376,377,0.25
377,505,0.333333333333333
377,381,0.333333333333333
377,379,0.333333333333333
378,506,0.333333333333333
378,382,0.333333333333333
378,379,0.333333333333333
379,507,0.5
379,383,0.5
380,508,0.333333333333333
380,382,0.333333333333333
380,381,0.333333333333333
381,509,0.5
381,383,0.5
382,510,0.5
382,383,0.5
383,511,1.0
384,448,0.142857142857143
384,416,0.142857142857143
384,400,0.142857142857143
384,392,0.142857142857143
384,388,0.142857142857143
384,386,0.142857142857143
384,385,0.142857142857143
385,449,0.166666666666667
385,417,0.166666666666667
385,401,0.166666666666667
385,393,0.166666666666667
385,389,0.166666666666667
385,387,0.166666666666667
386,450,0.166666666666667
386,418,0.166666666666667
386,402,0.166666666666667
386,394,0.166666666666667
386,390,0.166666666666667
386,387,0.166666666666667
387,451,0.2
387,419,0.2
387,403,0.2
387,395,0.2
387,391,0.2
388,452,0.166666666666667
388,420,0.166666666666667
388,404,0.166666666666667
388,396,0.166666666666667
388,390,0.166666666666667
388,389,0.166666666666667
389,453,0.2
389,421,0.2
389,405,0.2
389,397,0.2
389,391,0.2
390,454,0.2
390,422,0.2
390,406,0.2
390,398,0.2
390,391,0.2
391,455,0.25
391,423,0.25
391,407,0.25
391,399,0.25
392,456,0.166666666666667
392,424,0.166666666666667
392,408,0.166666666666667
392,396,0.166666666666667
392,394,0.166666666666667
392,393,0.166666666666667
393,457,0.2
393,425,0.2
393,409,0.2
393,397,0.2
393,395,0.2
394,458,0.2
394,426,0.2
394,410,0.2
394,398,0.2
394,395,0.2
395,459,0.25
395,427,0.25
395,411,0.25
395,399,0.25
396,460,0.2
396,428,0.2
396,412,0.2
396,398,0.2
396,397,0.2
397,461,0.25
397,429,0.25
397,413,0.25
397,399,0.25
398,462,0.25
398,430,0.25
398,414,0.25
398,399,0.25
399,463,0.333333333333333
399,431,0.333333333333333
399,415,0.333333333333333
400,464,0.166666666666667
400,432,0.166666666666667
400,408,0.166666666666667
400,404,0.166666666666667
400,402,0.166666666666667
400,401,0.166666666666667
401,465,0.2
401,433,0.2
401,409,0.2
401,405,0.2
401,403,0.2
402,466,0.2
402,434,0.2
402,410,0.2
402,406,0.2
402,403,0.2
403,467,0.25
403,435,0.25
403,411,0.25
403,407,0.25
404,468,0.2
404,436,0.2
404,412,0.2
404,406,0.2
404,405,0.2
405,469,0.25
405,437,0.25
405,413,0.25
405,407,0.25
406,470,0.25
406,438,0.25
406,414,0.25
406,407,0.25
407,471,0.333333333333333
407,439,0.333333333333333
407,415,0.333333333333333
408,472,0.2
408,440,0.2
408,412,0.2
408,410,0.2
408,409,0.2
409,473,0.25
409,441,0.25
409,413,0.25
409,411,0.25
410,474,0.25
410,442,0.25
410,414,0.25
410,411,0.25
411,475,0.333333333333333
411,443,0.333333333333333
411,415,0.333333333333333
412,476,0.25
412,444,0.25
412,414,0.25
412,413,0.25
413,477,0.333333333333333
413,445,0.333333333333333
413,415,0.333333333333333
414,478,0.333333333333333
414,446,0.333333333333333
414,415,0.333333333333333
415,479,0.5
415,447,0.5
416,480,0.166666666666667
416,432,0.166666666666667
416,424,0.166666666666667
416,420,0.166666666666667
416,418,0.166666666666667
416,417,0.166666666666667
417,481,0.2
417,433,0.2
417,425,0.2
417,421,0.2
417,419,0.2
418,482,0.2
418,434,0.2
418,426,0.2
418,422,0.2
418,419,0.2
419,483,0.25
419,435,0.25
419,427,0.25
419,423,0.25
420,484,0.2
420,436,0.2
420,428,0.2
420,422,0.2
420,421,0.2
421,485,0.25
421,437,0.25
421,429,0.25
421,423,0.25
422,486,0.25
422,438,0.25
422,430,0.25
422,423,0.25
423,487,0.333333333333333
423,439,0.333333333333333
423,431,0.333333333333333
424,488,0.2
424,440,0.2
424,428,0.2
424,426,0.2
424,425,0.2
425,489,0.25
425,441,0.25
425,429,0.25
425,427,0.25
426,490,0.25
426,442,0.25
426,430,0.25
426,427,0.25
427,491,0.333333333333333
427,443,0.333333333333333
427,431,0.333333333333333
428,492,0.25
428,444,0.25
428,430,0.25
428,429,0.25
429,493,0.333333333333333
429,445,0.333333333333333
429,431,0.333333333333333
430,494,0.333333333333333
430,446,0.333333333333333
430,431,0.333333333333333
431,495,0.5
431,447,0.5
432,496,0.2
432,440,0.2
432,436,0.2
432,434,0.2
432,433,0.2
433,497,0.25
433,441,0.25
433,437,0.25
433,435,0.25
434,498,0.25
434,442,0.25
434,438,0.25
434,435,0.25
435,499,0.333333333333333
435,443,0.333333333333333
435,439,0.333333333333333
436,500,0.25
436,444,0.25
436,438,0.25
436,437,0.25
437,501,0.333333333333333
437,445,0.333333333333333
437,439,0.333333333333333
438,502,0.333333333333333
438,446,0.333333333333333
438,439,0.333333333333333
439,503,0.5
439,447,0.5
440,504,0.25
440,444,0.25
440,442,0.25
440,441,0.25
441,505,0.333333333333333
441,445,0.333333333333333
441,443,0.333333333333333
442,506,0.333333333333333
442,446,0.333333333333333
442,443,0.333333333333333
443,507,0.5
443,447,0.5
444,508,0.333333333333333
444,446,0.333333333333333
444,445,0.333333333333333
445,509,0.5
445,447,0.5
446,510,0.5
446,447,0.5
447,511,1.0
448,480,0.166666666666667
448,464,0.166666666666667
448,456,0.166666666666667
448,452,0.166666666666667
448,450,0.166666666666667
448,449,0.166666666666667
449,481,0.2
449,465,0.2
449,457,0.2
449,453,0.2
449,451,0.2
450,482,0.2
450,466,0.2
450,458,0.2
450,454,0.2
450,451,0.2
451,483,0.25
451,467,0.25
451,459,0.25
451,455,0.25
452,484,0.2
452,468,0.2
452,460,0.2
452,454,0.2
452,453,0.2
453,485,0.25
453,469,0.25
453,461,0.25
453,455,0.25
454,486,0.25
454,470,0.25
454,462,0.25
454,455,0.25
455,487,0.333333333333333
455,471,0.333333333333333
455,463,0.333333333333333
456,488,0.2
456,472,0.2
456,460,0.2
456,458,0.2
456,457,0.2
457,489,0.25
457,473,0.25
457,461,0.25
457,459,0.25
458,490,0.25
458,474,0.25
458,462,0.25
458,459,0.25
459,491,0.333333333333333
459,475,0.333333333333333
459,463,0.333333333333333
460,492,0.25
460,476,0.25
460,462,0.25
460,461,0.25
461,493,0.333333333333333
461,477,0.333333333333333
461,463,0.333333333333333
462,494,0.333333333333333
462,478,0.333333333333333
462,463,0.333333333333333
463,495,0.5
463,479,0.5
464,496,0.2
464,472,0.2
464,468,0.2
464,466,0.2
464,465,0.2
465,497,0.25
465,473,0.25
465,469,0.25
465,467,0.25
466,498,0.25
466,474,0.25
466,470,0.25
466,467,0.25
467,499,0.333333333333333
467,475,0.333333333333333
467,471,0.333333333333333
468,500,0.25
468,476,0.25
468,470,0.25
468,469,0.25
469,501,0.333333333333333
469,477,0.333333333333333
469,471,0.333333333333333
470,502,0.333333333333333
470,478,0.333333333333333
470,471,0.333333333333333
471,503,0.5
471,479,0.5
472,504,0.25
472,476,0.25
472,474,0.25
472,473,0.25
473,505,0.333333333333333
473,477,0.333333333333333
473,475,0.333333333333333
474,506,0.333333333333333
474,478,0.333333333333333
474,475,0.333333333333333
475,507,0.5
475,479,0.5
476,508,0.333333333333333
476,478,0.333333333333333
476,477,0.333333333333333
477,509,0.5
477,479,0.5
478,510,0.5
478,479,0.5
479,511,1.0
480,496,0.2
480,488,0.2
480,484,0.2
480,482,0.2
480,481,0.2
481,497,0.25
481,489,0.25
481,485,0.25
481,483,0.25
482,498,0.25
482,490,0.25
482,486,0.25
482,483,0.25
483,499,0.333333333333333
483,491,0.333333333333333
483,487,0.333333333333333
484,500,0.25
484,492,0.25
484,486,0.25
484,485,0.25
485,501,0.333333333333333
485,493,0.333333333333333
485,487,0.333333333333333
486,502,0.333333333333333
486,494,0.333333333333333
486,487,0.333333333333333
487,503,0.5
487,495,0.5
488,504,0.25
488,492,0.25
488,490,0.25
488,489,0.25
489,505,0.333333333333333
489,493,0.333333333333333
489,491,0.333333333333333
490,506,0.333333333333333
490,494,0.333333333333333
490,491,0.333333333333333
491,507,0.5
491,495,0.5
492,508,0.333333333333333
492,494,0.333333333333333
492,493,0.333333333333333
493,509,0.5
493,495,0.5
494,510,0.5
494,495,0.5
495,511,1.0
496,504,0.25
496,500,0.25
496,498,0.25
496,497,0.25
497,505,0.333333333333333
497,501,0.333333333333333
497,499,0.333333333333333
498,506,0.333333333333333
498,502,0.333333333333333
498,499,0.333333333333333
499,507,0.5
499,503,0.5
500,508,0.333333333333333
500,502,0.333333333333333
500,501,0.333333333333333
501,509,0.5
501,503,0.5
502,510,0.5
502,503,0.5
503,511,1.0
504,508,0.333333333333333
504,506,0.333333333333333
504,505,0.333333333333333
505,509,0.5
505,507,0.5
506,510,0.5
506,507,0.5
507,511,1.0
508,510,0.5
508,509,0.5
509,511,1.0
510,511,1.0
